relabeling,rescoring,suppression,model,house,quantity,boxes,iou_threshold_matching,confidence_threshold_tasknet,iou_threshold_tasknet,confidence_threshold_filternet,iou_threshold_filternet,label,AP,total_positives,TP,FP
0,0,0,tasknet,floor1,0.25,10,0.5,0.75,0.5,0.38,0.5,0,0.38814021890649086,124,54,19
0,0,0,tasknet,floor1,0.25,10,0.5,0.75,0.5,0.38,0.5,1,0.15714220298026313,111,24,19
0,0,0,filternet,floor1,0.25,10,0.5,0.75,0.5,0.38,0.5,0,0.40573800155123146,124,57,24
0,0,0,filternet,floor1,0.25,10,0.5,0.75,0.5,0.38,0.5,1,0.16183439517245532,111,25,23
0,0,1,filternet,floor1,0.25,10,0.5,0.75,0.5,0.38,0.5,0,0.4058407978973924,124,57,22
0,0,1,filternet,floor1,0.25,10,0.5,0.75,0.5,0.38,0.5,1,0.16667923514084754,111,25,20
0,1,0,filternet,floor1,0.25,10,0.5,0.75,0.5,0.38,0.5,0,0.3919855228468675,124,61,26
0,1,0,filternet,floor1,0.25,10,0.5,0.75,0.5,0.38,0.5,1,0.12331994156318477,111,23,17
0,1,1,filternet,floor1,0.25,10,0.5,0.75,0.5,0.38,0.5,0,0.4010802872951763,124,61,24
0,1,1,filternet,floor1,0.25,10,0.5,0.75,0.5,0.38,0.5,1,0.12331994156318477,111,23,17
1,0,0,filternet,floor1,0.25,10,0.5,0.75,0.5,0.38,0.5,0,0.41594353112858606,124,53,12
1,0,0,filternet,floor1,0.25,10,0.5,0.75,0.5,0.38,0.5,1,0.21058359423129247,111,31,20
1,0,1,filternet,floor1,0.25,10,0.5,0.75,0.5,0.38,0.5,0,0.41594353112858606,124,53,10
1,0,1,filternet,floor1,0.25,10,0.5,0.75,0.5,0.38,0.5,1,0.21058359423129247,111,31,20
1,1,0,filternet,floor1,0.25,10,0.5,0.75,0.5,0.38,0.5,0,0.39631890399718567,124,55,12
1,1,0,filternet,floor1,0.25,10,0.5,0.75,0.5,0.38,0.5,1,0.1590493153851247,111,29,25
1,1,1,filternet,floor1,0.25,10,0.5,0.75,0.5,0.38,0.5,0,0.40301744572986475,124,55,10
1,1,1,filternet,floor1,0.25,10,0.5,0.75,0.5,0.38,0.5,1,0.1590493153851247,111,29,25
0,0,0,tasknet,floor1,0.25,30,0.5,0.75,0.5,0.38,0.5,0,0.436281643624923,124,62,28
0,0,0,tasknet,floor1,0.25,30,0.5,0.75,0.5,0.38,0.5,1,0.23034669133353886,111,36,27
0,0,0,filternet,floor1,0.25,30,0.5,0.75,0.5,0.38,0.5,0,0.4630097250760258,124,67,38
0,0,0,filternet,floor1,0.25,30,0.5,0.75,0.5,0.38,0.5,1,0.24418232942507842,111,39,40
0,0,1,filternet,floor1,0.25,30,0.5,0.75,0.5,0.38,0.5,0,0.45155715504311755,124,65,34
0,0,1,filternet,floor1,0.25,30,0.5,0.75,0.5,0.38,0.5,1,0.2761126774663909,111,39,23
0,1,0,filternet,floor1,0.25,30,0.5,0.75,0.5,0.38,0.5,0,0.4735226605809744,124,73,45
0,1,0,filternet,floor1,0.25,30,0.5,0.75,0.5,0.38,0.5,1,0.22582864303414474,111,39,26
0,1,1,filternet,floor1,0.25,30,0.5,0.75,0.5,0.38,0.5,0,0.47356603736239344,124,73,44
0,1,1,filternet,floor1,0.25,30,0.5,0.75,0.5,0.38,0.5,1,0.22582864303414474,111,39,26
1,0,0,filternet,floor1,0.25,30,0.5,0.75,0.5,0.38,0.5,0,0.4800155422098489,124,62,14
1,0,0,filternet,floor1,0.25,30,0.5,0.75,0.5,0.38,0.5,1,0.3674448555555796,111,48,20
1,0,1,filternet,floor1,0.25,30,0.5,0.75,0.5,0.38,0.5,0,0.4800155422098489,124,62,14
1,0,1,filternet,floor1,0.25,30,0.5,0.75,0.5,0.38,0.5,1,0.3707141982195966,111,48,19
1,1,0,filternet,floor1,0.25,30,0.5,0.75,0.5,0.38,0.5,0,0.45616158323059436,124,67,17
1,1,0,filternet,floor1,0.25,30,0.5,0.75,0.5,0.38,0.5,1,0.319178992706094,111,51,25
1,1,1,filternet,floor1,0.25,30,0.5,0.75,0.5,0.38,0.5,0,0.45616158323059436,124,67,17
1,1,1,filternet,floor1,0.25,30,0.5,0.75,0.5,0.38,0.5,1,0.319178992706094,111,51,25
0,0,0,tasknet,floor1,0.25,50,0.5,0.75,0.5,0.38,0.5,0,0.441484642461046,124,63,29
0,0,0,tasknet,floor1,0.25,50,0.5,0.75,0.5,0.38,0.5,1,0.24308775543037658,111,38,28
0,0,0,filternet,floor1,0.25,50,0.5,0.75,0.5,0.38,0.5,0,0.47239951953719783,124,69,46
0,0,0,filternet,floor1,0.25,50,0.5,0.75,0.5,0.38,0.5,1,0.265576980314634,111,43,46
0,0,1,filternet,floor1,0.25,50,0.5,0.75,0.5,0.38,0.5,0,0.4498990109025642,124,65,39
0,0,1,filternet,floor1,0.25,50,0.5,0.75,0.5,0.38,0.5,1,0.28961678755020237,111,41,24
0,1,0,filternet,floor1,0.25,50,0.5,0.75,0.5,0.38,0.5,0,0.46350765446469006,124,75,52
0,1,0,filternet,floor1,0.25,50,0.5,0.75,0.5,0.38,0.5,1,0.29482176967929147,111,46,40
0,1,1,filternet,floor1,0.25,50,0.5,0.75,0.5,0.38,0.5,0,0.46588561755248903,124,75,46
0,1,1,filternet,floor1,0.25,50,0.5,0.75,0.5,0.38,0.5,1,0.3151503610016963,111,46,32
1,0,0,filternet,floor1,0.25,50,0.5,0.75,0.5,0.38,0.5,0,0.46013897828932593,124,61,20
1,0,0,filternet,floor1,0.25,50,0.5,0.75,0.5,0.38,0.5,1,0.35638130530710005,111,49,25
1,0,1,filternet,floor1,0.25,50,0.5,0.75,0.5,0.38,0.5,0,0.44603196943744894,124,59,19
1,0,1,filternet,floor1,0.25,50,0.5,0.75,0.5,0.38,0.5,1,0.352654268860889,111,48,23
1,1,0,filternet,floor1,0.25,50,0.5,0.75,0.5,0.38,0.5,0,0.409528490728419,124,66,26
1,1,0,filternet,floor1,0.25,50,0.5,0.75,0.5,0.38,0.5,1,0.31560640024970443,111,51,44
1,1,1,filternet,floor1,0.25,50,0.5,0.75,0.5,0.38,0.5,0,0.41920691979001773,124,66,24
1,1,1,filternet,floor1,0.25,50,0.5,0.75,0.5,0.38,0.5,1,0.31560640024970443,111,51,43
0,0,0,tasknet,floor1,0.25,100,0.5,0.75,0.5,0.38,0.5,0,0.441484642461046,124,63,29
0,0,0,tasknet,floor1,0.25,100,0.5,0.75,0.5,0.38,0.5,1,0.24267726751988872,111,38,29
0,0,0,filternet,floor1,0.25,100,0.5,0.75,0.5,0.38,0.5,0,0.47239951953719783,124,69,46
0,0,0,filternet,floor1,0.25,100,0.5,0.75,0.5,0.38,0.5,1,0.26489910738878736,111,43,47
0,0,1,filternet,floor1,0.25,100,0.5,0.75,0.5,0.38,0.5,0,0.4539367846402172,124,66,38
0,0,1,filternet,floor1,0.25,100,0.5,0.75,0.5,0.38,0.5,1,0.3024762912566605,111,43,27
0,1,0,filternet,floor1,0.25,100,0.5,0.75,0.5,0.38,0.5,0,0.4714708315745055,124,76,80
0,1,0,filternet,floor1,0.25,100,0.5,0.75,0.5,0.38,0.5,1,0.2996553759983006,111,50,60
0,1,1,filternet,floor1,0.25,100,0.5,0.75,0.5,0.38,0.5,0,0.47281505144436586,124,76,76
0,1,1,filternet,floor1,0.25,100,0.5,0.75,0.5,0.38,0.5,1,0.30719348209535624,111,50,57
1,0,0,filternet,floor1,0.25,100,0.5,0.75,0.5,0.38,0.5,0,0.4332551008778232,124,55,11
1,0,0,filternet,floor1,0.25,100,0.5,0.75,0.5,0.38,0.5,1,0.3657606287781484,111,53,28
1,0,1,filternet,floor1,0.25,100,0.5,0.75,0.5,0.38,0.5,0,0.4184751860569248,124,53,11
1,0,1,filternet,floor1,0.25,100,0.5,0.75,0.5,0.38,0.5,1,0.3670978360380313,111,53,28
1,1,0,filternet,floor1,0.25,100,0.5,0.75,0.5,0.38,0.5,0,0.37122055811571947,124,60,33
1,1,0,filternet,floor1,0.25,100,0.5,0.75,0.5,0.38,0.5,1,0.3408269902485898,111,58,61
1,1,1,filternet,floor1,0.25,100,0.5,0.75,0.5,0.38,0.5,0,0.3796858961621732,124,60,30
1,1,1,filternet,floor1,0.25,100,0.5,0.75,0.5,0.38,0.5,1,0.3427348904315837,111,58,60
0,0,0,tasknet,floor1,0.5,10,0.5,0.75,0.5,0.38,0.5,0,0.38814021890649086,124,54,19
0,0,0,tasknet,floor1,0.5,10,0.5,0.75,0.5,0.38,0.5,1,0.15714220298026313,111,24,19
0,0,0,filternet,floor1,0.5,10,0.5,0.75,0.5,0.38,0.5,0,0.40573800155123146,124,57,24
0,0,0,filternet,floor1,0.5,10,0.5,0.75,0.5,0.38,0.5,1,0.16183439517245532,111,25,23
0,0,1,filternet,floor1,0.5,10,0.5,0.75,0.5,0.38,0.5,0,0.40646731986593587,124,57,22
0,0,1,filternet,floor1,0.5,10,0.5,0.75,0.5,0.38,0.5,1,0.18123077559352066,111,25,15
0,1,0,filternet,floor1,0.5,10,0.5,0.75,0.5,0.38,0.5,0,0.42601246001394955,124,60,22
0,1,0,filternet,floor1,0.5,10,0.5,0.75,0.5,0.38,0.5,1,0.1424017424017424,111,24,16
0,1,1,filternet,floor1,0.5,10,0.5,0.75,0.5,0.38,0.5,0,0.42601246001394955,124,60,22
0,1,1,filternet,floor1,0.5,10,0.5,0.75,0.5,0.38,0.5,1,0.14736842105263157,111,24,15
1,0,0,filternet,floor1,0.5,10,0.5,0.75,0.5,0.38,0.5,0,0.4247593252368066,124,55,5
1,0,0,filternet,floor1,0.5,10,0.5,0.75,0.5,0.38,0.5,1,0.25503781702021866,111,34,20
1,0,1,filternet,floor1,0.5,10,0.5,0.75,0.5,0.38,0.5,0,0.4247593252368066,124,55,4
1,0,1,filternet,floor1,0.5,10,0.5,0.75,0.5,0.38,0.5,1,0.25503781702021866,111,34,20
1,1,0,filternet,floor1,0.5,10,0.5,0.75,0.5,0.38,0.5,0,0.4270187608946861,124,56,5
1,1,0,filternet,floor1,0.5,10,0.5,0.75,0.5,0.38,0.5,1,0.19899847899847897,111,34,21
1,1,1,filternet,floor1,0.5,10,0.5,0.75,0.5,0.38,0.5,0,0.42805779569892466,124,56,4
1,1,1,filternet,floor1,0.5,10,0.5,0.75,0.5,0.38,0.5,1,0.19899847899847897,111,34,21
0,0,0,tasknet,floor1,0.5,30,0.5,0.75,0.5,0.38,0.5,0,0.436281643624923,124,62,28
0,0,0,tasknet,floor1,0.5,30,0.5,0.75,0.5,0.38,0.5,1,0.23020809119493874,111,36,27
0,0,0,filternet,floor1,0.5,30,0.5,0.75,0.5,0.38,0.5,0,0.4630097250760258,124,67,38
0,0,0,filternet,floor1,0.5,30,0.5,0.75,0.5,0.38,0.5,1,0.2440437292864783,111,39,40
0,0,1,filternet,floor1,0.5,30,0.5,0.75,0.5,0.38,0.5,0,0.44437477149806,124,64,35
0,0,1,filternet,floor1,0.5,30,0.5,0.75,0.5,0.38,0.5,1,0.2754927617753075,111,39,22
0,1,0,filternet,floor1,0.5,30,0.5,0.75,0.5,0.38,0.5,0,0.42272827814371583,124,68,41
0,1,0,filternet,floor1,0.5,30,0.5,0.75,0.5,0.38,0.5,1,0.29355761763904753,111,42,19
0,1,1,filternet,floor1,0.5,30,0.5,0.75,0.5,0.38,0.5,0,0.4227748621648485,124,68,40
0,1,1,filternet,floor1,0.5,30,0.5,0.75,0.5,0.38,0.5,1,0.29355761763904753,111,42,19
1,0,0,filternet,floor1,0.5,30,0.5,0.75,0.5,0.38,0.5,0,0.44390669767755425,124,57,8
1,0,0,filternet,floor1,0.5,30,0.5,0.75,0.5,0.38,0.5,1,0.3815620420621341,111,55,24
1,0,1,filternet,floor1,0.5,30,0.5,0.75,0.5,0.38,0.5,0,0.44390669767755425,124,57,8
1,0,1,filternet,floor1,0.5,30,0.5,0.75,0.5,0.38,0.5,1,0.3815620420621341,111,55,24
1,1,0,filternet,floor1,0.5,30,0.5,0.75,0.5,0.38,0.5,0,0.42675451788355023,124,59,11
1,1,0,filternet,floor1,0.5,30,0.5,0.75,0.5,0.38,0.5,1,0.37436357344608595,111,57,30
1,1,1,filternet,floor1,0.5,30,0.5,0.75,0.5,0.38,0.5,0,0.42675451788355023,124,59,11
1,1,1,filternet,floor1,0.5,30,0.5,0.75,0.5,0.38,0.5,1,0.37436357344608595,111,57,30
0,0,0,tasknet,floor1,0.5,50,0.5,0.75,0.5,0.38,0.5,0,0.441484642461046,124,63,29
0,0,0,tasknet,floor1,0.5,50,0.5,0.75,0.5,0.38,0.5,1,0.24295042297597094,111,38,28
0,0,0,filternet,floor1,0.5,50,0.5,0.75,0.5,0.38,0.5,0,0.47239951953719783,124,69,46
0,0,0,filternet,floor1,0.5,50,0.5,0.75,0.5,0.38,0.5,1,0.26543964786022833,111,43,46
0,0,1,filternet,floor1,0.5,50,0.5,0.75,0.5,0.38,0.5,0,0.4563162834765868,124,66,39
0,0,1,filternet,floor1,0.5,50,0.5,0.75,0.5,0.38,0.5,1,0.2931724141036689,111,42,25
0,1,0,filternet,floor1,0.5,50,0.5,0.75,0.5,0.38,0.5,0,0.4895594671125618,124,75,47
0,1,0,filternet,floor1,0.5,50,0.5,0.75,0.5,0.38,0.5,1,0.3075734734730526,111,46,42
0,1,1,filternet,floor1,0.5,50,0.5,0.75,0.5,0.38,0.5,0,0.4841591763200885,124,74,43
0,1,1,filternet,floor1,0.5,50,0.5,0.75,0.5,0.38,0.5,1,0.2992305308857278,111,45,38
1,0,0,filternet,floor1,0.5,50,0.5,0.75,0.5,0.38,0.5,0,0.46034562974706283,124,59,9
1,0,0,filternet,floor1,0.5,50,0.5,0.75,0.5,0.38,0.5,1,0.39942962560542633,111,61,32
1,0,1,filternet,floor1,0.5,50,0.5,0.75,0.5,0.38,0.5,0,0.45398050842577864,124,58,8
1,0,1,filternet,floor1,0.5,50,0.5,0.75,0.5,0.38,0.5,1,0.39942962560542633,111,61,32
1,1,0,filternet,floor1,0.5,50,0.5,0.75,0.5,0.38,0.5,0,0.45080050113578574,124,63,14
1,1,0,filternet,floor1,0.5,50,0.5,0.75,0.5,0.38,0.5,1,0.3855205210332159,111,63,53
1,1,1,filternet,floor1,0.5,50,0.5,0.75,0.5,0.38,0.5,0,0.4452839378248341,124,62,13
1,1,1,filternet,floor1,0.5,50,0.5,0.75,0.5,0.38,0.5,1,0.38878164808187066,111,63,52
0,0,0,tasknet,floor1,0.5,100,0.5,0.75,0.5,0.38,0.5,0,0.441484642461046,124,63,29
0,0,0,tasknet,floor1,0.5,100,0.5,0.75,0.5,0.38,0.5,1,0.24253993506548308,111,38,29
0,0,0,filternet,floor1,0.5,100,0.5,0.75,0.5,0.38,0.5,0,0.47239951953719783,124,69,46
0,0,0,filternet,floor1,0.5,100,0.5,0.75,0.5,0.38,0.5,1,0.2647617749343817,111,43,47
0,0,1,filternet,floor1,0.5,100,0.5,0.75,0.5,0.38,0.5,0,0.4569169139895525,124,66,37
0,0,1,filternet,floor1,0.5,100,0.5,0.75,0.5,0.38,0.5,1,0.29865306002943187,111,43,25
0,1,0,filternet,floor1,0.5,100,0.5,0.75,0.5,0.38,0.5,0,0.464000614176122,124,77,86
0,1,0,filternet,floor1,0.5,100,0.5,0.75,0.5,0.38,0.5,1,0.33758443224267703,111,51,44
0,1,1,filternet,floor1,0.5,100,0.5,0.75,0.5,0.38,0.5,0,0.4685648138403051,124,76,80
0,1,1,filternet,floor1,0.5,100,0.5,0.75,0.5,0.38,0.5,1,0.33763813250675595,111,51,43
1,0,0,filternet,floor1,0.5,100,0.5,0.75,0.5,0.38,0.5,0,0.4983130785099779,124,63,6
1,0,0,filternet,floor1,0.5,100,0.5,0.75,0.5,0.38,0.5,1,0.4394366740467,111,64,27
1,0,1,filternet,floor1,0.5,100,0.5,0.75,0.5,0.38,0.5,0,0.49183986886486697,124,62,5
1,0,1,filternet,floor1,0.5,100,0.5,0.75,0.5,0.38,0.5,1,0.4394366740467,111,64,27
1,1,0,filternet,floor1,0.5,100,0.5,0.75,0.5,0.38,0.5,0,0.496363634181186,124,70,24
1,1,0,filternet,floor1,0.5,100,0.5,0.75,0.5,0.38,0.5,1,0.4681298180201716,111,72,64
1,1,1,filternet,floor1,0.5,100,0.5,0.75,0.5,0.38,0.5,0,0.49524400729401735,124,69,22
1,1,1,filternet,floor1,0.5,100,0.5,0.75,0.5,0.38,0.5,1,0.4750453378419529,111,72,63
0,0,0,tasknet,floor1,0.75,10,0.5,0.75,0.5,0.38,0.5,0,0.38814021890649086,124,54,19
0,0,0,tasknet,floor1,0.75,10,0.5,0.75,0.5,0.38,0.5,1,0.15714220298026313,111,24,19
0,0,0,filternet,floor1,0.75,10,0.5,0.75,0.5,0.38,0.5,0,0.40573800155123146,124,57,24
0,0,0,filternet,floor1,0.75,10,0.5,0.75,0.5,0.38,0.5,1,0.16183439517245532,111,25,23
0,0,1,filternet,floor1,0.75,10,0.5,0.75,0.5,0.38,0.5,0,0.4063335429248235,124,57,21
0,0,1,filternet,floor1,0.75,10,0.5,0.75,0.5,0.38,0.5,1,0.1784440802803138,111,25,17
0,1,0,filternet,floor1,0.75,10,0.5,0.75,0.5,0.38,0.5,0,0.4284176958173619,124,61,21
0,1,0,filternet,floor1,0.75,10,0.5,0.75,0.5,0.38,0.5,1,0.1944588896269845,111,27,14
0,1,1,filternet,floor1,0.75,10,0.5,0.75,0.5,0.38,0.5,0,0.4284176958173619,124,61,21
0,1,1,filternet,floor1,0.75,10,0.5,0.75,0.5,0.38,0.5,1,0.1944588896269845,111,27,14
1,0,0,filternet,floor1,0.75,10,0.5,0.75,0.5,0.38,0.5,0,0.42913687557521,124,54,6
1,0,0,filternet,floor1,0.75,10,0.5,0.75,0.5,0.38,0.5,1,0.26368963657139693,111,36,19
1,0,1,filternet,floor1,0.75,10,0.5,0.75,0.5,0.38,0.5,0,0.42913687557521,124,54,6
1,0,1,filternet,floor1,0.75,10,0.5,0.75,0.5,0.38,0.5,1,0.25756824711667414,111,35,19
1,1,0,filternet,floor1,0.75,10,0.5,0.75,0.5,0.38,0.5,0,0.4294443233625404,124,56,6
1,1,0,filternet,floor1,0.75,10,0.5,0.75,0.5,0.38,0.5,1,0.24150879465457478,111,36,21
1,1,1,filternet,floor1,0.75,10,0.5,0.75,0.5,0.38,0.5,0,0.4294443233625404,124,56,6
1,1,1,filternet,floor1,0.75,10,0.5,0.75,0.5,0.38,0.5,1,0.24150879465457478,111,36,21
0,0,0,tasknet,floor1,0.75,30,0.5,0.75,0.5,0.38,0.5,0,0.436281643624923,124,62,28
0,0,0,tasknet,floor1,0.75,30,0.5,0.75,0.5,0.38,0.5,1,0.23020809119493874,111,36,27
0,0,0,filternet,floor1,0.75,30,0.5,0.75,0.5,0.38,0.5,0,0.4630097250760258,124,67,38
0,0,0,filternet,floor1,0.75,30,0.5,0.75,0.5,0.38,0.5,1,0.2440437292864783,111,39,40
0,0,1,filternet,floor1,0.75,30,0.5,0.75,0.5,0.38,0.5,0,0.45829517856828755,124,66,33
0,0,1,filternet,floor1,0.75,30,0.5,0.75,0.5,0.38,0.5,1,0.2751656347240425,111,39,22
0,1,0,filternet,floor1,0.75,30,0.5,0.75,0.5,0.38,0.5,0,0.4594029781311996,124,70,41
0,1,0,filternet,floor1,0.75,30,0.5,0.75,0.5,0.38,0.5,1,0.3079067608822849,111,41,20
0,1,1,filternet,floor1,0.75,30,0.5,0.75,0.5,0.38,0.5,0,0.4594029781311996,124,70,40
0,1,1,filternet,floor1,0.75,30,0.5,0.75,0.5,0.38,0.5,1,0.3079067608822849,111,41,20
1,0,0,filternet,floor1,0.75,30,0.5,0.75,0.5,0.38,0.5,0,0.4977958924053999,124,63,7
1,0,0,filternet,floor1,0.75,30,0.5,0.75,0.5,0.38,0.5,1,0.42700311816540343,111,54,15
1,0,1,filternet,floor1,0.75,30,0.5,0.75,0.5,0.38,0.5,0,0.4977958924053999,124,63,7
1,0,1,filternet,floor1,0.75,30,0.5,0.75,0.5,0.38,0.5,1,0.42700311816540343,111,54,15
1,1,0,filternet,floor1,0.75,30,0.5,0.75,0.5,0.38,0.5,0,0.4997157200107535,124,67,10
1,1,0,filternet,floor1,0.75,30,0.5,0.75,0.5,0.38,0.5,1,0.4805906303646343,111,60,18
1,1,1,filternet,floor1,0.75,30,0.5,0.75,0.5,0.38,0.5,0,0.4997157200107535,124,67,10
1,1,1,filternet,floor1,0.75,30,0.5,0.75,0.5,0.38,0.5,1,0.4805906303646343,111,60,18
0,0,0,tasknet,floor1,0.75,50,0.5,0.75,0.5,0.38,0.5,0,0.441484642461046,124,63,29
0,0,0,tasknet,floor1,0.75,50,0.5,0.75,0.5,0.38,0.5,1,0.24295042297597094,111,38,28
0,0,0,filternet,floor1,0.75,50,0.5,0.75,0.5,0.38,0.5,0,0.47239951953719783,124,69,46
0,0,0,filternet,floor1,0.75,50,0.5,0.75,0.5,0.38,0.5,1,0.26543964786022833,111,43,46
0,0,1,filternet,floor1,0.75,50,0.5,0.75,0.5,0.38,0.5,0,0.4561686939811674,124,66,38
0,0,1,filternet,floor1,0.75,50,0.5,0.75,0.5,0.38,0.5,1,0.30363317612559737,111,43,24
0,1,0,filternet,floor1,0.75,50,0.5,0.75,0.5,0.38,0.5,0,0.46646574357679593,124,73,51
0,1,0,filternet,floor1,0.75,50,0.5,0.75,0.5,0.38,0.5,1,0.2793199590061394,111,45,42
0,1,1,filternet,floor1,0.75,50,0.5,0.75,0.5,0.38,0.5,0,0.4718546106912964,124,73,47
0,1,1,filternet,floor1,0.75,50,0.5,0.75,0.5,0.38,0.5,1,0.3040297207066254,111,45,37
1,0,0,filternet,floor1,0.75,50,0.5,0.75,0.5,0.38,0.5,0,0.4693912687147851,124,59,7
1,0,0,filternet,floor1,0.75,50,0.5,0.75,0.5,0.38,0.5,1,0.4841416999427299,111,61,25
1,0,1,filternet,floor1,0.75,50,0.5,0.75,0.5,0.38,0.5,0,0.46201184498449405,124,58,6
1,0,1,filternet,floor1,0.75,50,0.5,0.75,0.5,0.38,0.5,1,0.48331104642047784,111,61,26
1,1,0,filternet,floor1,0.75,50,0.5,0.75,0.5,0.38,0.5,0,0.4581573813794179,124,62,14
1,1,0,filternet,floor1,0.75,50,0.5,0.75,0.5,0.38,0.5,1,0.43982379220660556,111,67,38
1,1,1,filternet,floor1,0.75,50,0.5,0.75,0.5,0.38,0.5,0,0.45695816415630286,124,61,13
1,1,1,filternet,floor1,0.75,50,0.5,0.75,0.5,0.38,0.5,1,0.4447937191338514,111,67,37
0,0,0,tasknet,floor1,0.75,100,0.5,0.75,0.5,0.38,0.5,0,0.441484642461046,124,63,29
0,0,0,tasknet,floor1,0.75,100,0.5,0.75,0.5,0.38,0.5,1,0.24253993506548308,111,38,29
0,0,0,filternet,floor1,0.75,100,0.5,0.75,0.5,0.38,0.5,0,0.47239951953719783,124,69,46
0,0,0,filternet,floor1,0.75,100,0.5,0.75,0.5,0.38,0.5,1,0.2647617749343817,111,43,47
0,0,1,filternet,floor1,0.75,100,0.5,0.75,0.5,0.38,0.5,0,0.45504869497754546,124,66,35
0,0,1,filternet,floor1,0.75,100,0.5,0.75,0.5,0.38,0.5,1,0.30682333147051244,111,42,21
0,1,0,filternet,floor1,0.75,100,0.5,0.75,0.5,0.38,0.5,0,0.49098380242469886,124,77,79
0,1,0,filternet,floor1,0.75,100,0.5,0.75,0.5,0.38,0.5,1,0.36208834492629566,111,48,46
0,1,1,filternet,floor1,0.75,100,0.5,0.75,0.5,0.38,0.5,0,0.4771972964989963,124,75,75
0,1,1,filternet,floor1,0.75,100,0.5,0.75,0.5,0.38,0.5,1,0.36709477086443754,111,48,42
1,0,0,filternet,floor1,0.75,100,0.5,0.75,0.5,0.38,0.5,0,0.5219082329122372,124,66,5
1,0,0,filternet,floor1,0.75,100,0.5,0.75,0.5,0.38,0.5,1,0.44369410253383745,111,60,16
1,0,1,filternet,floor1,0.75,100,0.5,0.75,0.5,0.38,0.5,0,0.5062737673575144,124,64,5
1,0,1,filternet,floor1,0.75,100,0.5,0.75,0.5,0.38,0.5,1,0.44369410253383745,111,60,16
1,1,0,filternet,floor1,0.75,100,0.5,0.75,0.5,0.38,0.5,0,0.5293159213818057,124,72,20
1,1,0,filternet,floor1,0.75,100,0.5,0.75,0.5,0.38,0.5,1,0.5317020927881351,111,70,45
1,1,1,filternet,floor1,0.75,100,0.5,0.75,0.5,0.38,0.5,0,0.5142996390183416,124,70,19
1,1,1,filternet,floor1,0.75,100,0.5,0.75,0.5,0.38,0.5,1,0.5367444348578979,111,70,44
0,0,0,tasknet,floor4,0.25,10,0.5,0.75,0.5,0.38,0.5,0,0.08492009566327059,138,18,25
0,0,0,tasknet,floor4,0.25,10,0.5,0.75,0.5,0.38,0.5,1,0.3666750340559076,131,57,22
0,0,0,filternet,floor4,0.25,10,0.5,0.75,0.5,0.38,0.5,0,0.09133852446706889,138,20,30
0,0,0,filternet,floor4,0.25,10,0.5,0.75,0.5,0.38,0.5,1,0.37765995306540306,131,59,29
0,0,1,filternet,floor4,0.25,10,0.5,0.75,0.5,0.38,0.5,0,0.09034787452376132,138,18,19
0,0,1,filternet,floor4,0.25,10,0.5,0.75,0.5,0.38,0.5,1,0.40094286882736696,131,57,9
0,1,0,filternet,floor4,0.25,10,0.5,0.75,0.5,0.38,0.5,0,0.09290157004830919,138,19,18
0,1,0,filternet,floor4,0.25,10,0.5,0.75,0.5,0.38,0.5,1,0.3921517175572522,131,57,11
0,1,1,filternet,floor4,0.25,10,0.5,0.75,0.5,0.38,0.5,0,0.09290157004830919,138,19,18
0,1,1,filternet,floor4,0.25,10,0.5,0.75,0.5,0.38,0.5,1,0.3921517175572522,131,57,11
1,0,0,filternet,floor4,0.25,10,0.5,0.75,0.5,0.38,0.5,0,0.06852411583869385,138,13,10
1,0,0,filternet,floor4,0.25,10,0.5,0.75,0.5,0.38,0.5,1,0.35118919240207525,131,54,13
1,0,1,filternet,floor4,0.25,10,0.5,0.75,0.5,0.38,0.5,0,0.06852411583869385,138,13,10
1,0,1,filternet,floor4,0.25,10,0.5,0.75,0.5,0.38,0.5,1,0.35118919240207525,131,54,13
1,1,0,filternet,floor4,0.25,10,0.5,0.75,0.5,0.38,0.5,0,0.0676328502415459,138,14,13
1,1,0,filternet,floor4,0.25,10,0.5,0.75,0.5,0.38,0.5,1,0.3553901419640082,131,56,14
1,1,1,filternet,floor4,0.25,10,0.5,0.75,0.5,0.38,0.5,0,0.0676328502415459,138,14,13
1,1,1,filternet,floor4,0.25,10,0.5,0.75,0.5,0.38,0.5,1,0.3553901419640082,131,56,14
0,0,0,tasknet,floor4,0.25,30,0.5,0.75,0.5,0.38,0.5,0,0.09673502599283497,138,22,32
0,0,0,tasknet,floor4,0.25,30,0.5,0.75,0.5,0.38,0.5,1,0.4343169456651919,131,68,31
0,0,0,filternet,floor4,0.25,30,0.5,0.75,0.5,0.38,0.5,0,0.12284451060443494,138,30,44
0,0,0,filternet,floor4,0.25,30,0.5,0.75,0.5,0.38,0.5,1,0.4741098151315754,131,76,50
0,0,1,filternet,floor4,0.25,30,0.5,0.75,0.5,0.38,0.5,0,0.1255394146391311,138,27,29
0,0,1,filternet,floor4,0.25,30,0.5,0.75,0.5,0.38,0.5,1,0.506441737137117,131,74,25
0,1,0,filternet,floor4,0.25,30,0.5,0.75,0.5,0.38,0.5,0,0.11703737187154509,138,29,32
0,1,0,filternet,floor4,0.25,30,0.5,0.75,0.5,0.38,0.5,1,0.4954719844168784,131,72,33
0,1,1,filternet,floor4,0.25,30,0.5,0.75,0.5,0.38,0.5,0,0.11941997425407032,138,29,30
0,1,1,filternet,floor4,0.25,30,0.5,0.75,0.5,0.38,0.5,1,0.498788792601093,131,72,31
1,0,0,filternet,floor4,0.25,30,0.5,0.75,0.5,0.38,0.5,0,0.11047807572743637,138,21,17
1,0,0,filternet,floor4,0.25,30,0.5,0.75,0.5,0.38,0.5,1,0.48743924633353136,131,70,19
1,0,1,filternet,floor4,0.25,30,0.5,0.75,0.5,0.38,0.5,0,0.11365408088298766,138,21,16
1,0,1,filternet,floor4,0.25,30,0.5,0.75,0.5,0.38,0.5,1,0.48788425442157807,131,70,18
1,1,0,filternet,floor4,0.25,30,0.5,0.75,0.5,0.38,0.5,0,0.10697692805990464,138,25,22
1,1,0,filternet,floor4,0.25,30,0.5,0.75,0.5,0.38,0.5,1,0.48166134528296806,131,73,22
1,1,1,filternet,floor4,0.25,30,0.5,0.75,0.5,0.38,0.5,0,0.11002979110922717,138,25,21
1,1,1,filternet,floor4,0.25,30,0.5,0.75,0.5,0.38,0.5,1,0.48434681694022935,131,73,21
0,0,0,tasknet,floor4,0.25,50,0.5,0.75,0.5,0.38,0.5,0,0.09673502599283497,138,22,32
0,0,0,tasknet,floor4,0.25,50,0.5,0.75,0.5,0.38,0.5,1,0.44450110831798284,131,70,35
0,0,0,filternet,floor4,0.25,50,0.5,0.75,0.5,0.38,0.5,0,0.12999075880255162,138,32,46
0,0,0,filternet,floor4,0.25,50,0.5,0.75,0.5,0.38,0.5,1,0.4870565514278663,131,79,59
0,0,1,filternet,floor4,0.25,50,0.5,0.75,0.5,0.38,0.5,0,0.1265748463499931,138,27,29
0,0,1,filternet,floor4,0.25,50,0.5,0.75,0.5,0.38,0.5,1,0.5403153328355481,131,77,28
0,1,0,filternet,floor4,0.25,50,0.5,0.75,0.5,0.38,0.5,0,0.18797780852132168,138,41,45
0,1,0,filternet,floor4,0.25,50,0.5,0.75,0.5,0.38,0.5,1,0.4950110340537518,131,79,37
0,1,1,filternet,floor4,0.25,50,0.5,0.75,0.5,0.38,0.5,0,0.1752486223286206,138,38,43
0,1,1,filternet,floor4,0.25,50,0.5,0.75,0.5,0.38,0.5,1,0.49626856360731825,131,78,32
1,0,0,filternet,floor4,0.25,50,0.5,0.75,0.5,0.38,0.5,0,0.12486975466515107,138,23,17
1,0,0,filternet,floor4,0.25,50,0.5,0.75,0.5,0.38,0.5,1,0.5126834742220004,131,72,23
1,0,1,filternet,floor4,0.25,50,0.5,0.75,0.5,0.38,0.5,0,0.12590761563747502,138,23,16
1,0,1,filternet,floor4,0.25,50,0.5,0.75,0.5,0.38,0.5,1,0.5235984831186725,131,72,19
1,1,0,filternet,floor4,0.25,50,0.5,0.75,0.5,0.38,0.5,0,0.1598111231118056,138,34,27
1,1,0,filternet,floor4,0.25,50,0.5,0.75,0.5,0.38,0.5,1,0.5055931815343772,131,82,34
1,1,1,filternet,floor4,0.25,50,0.5,0.75,0.5,0.38,0.5,0,0.1643429071800139,138,34,26
1,1,1,filternet,floor4,0.25,50,0.5,0.75,0.5,0.38,0.5,1,0.5107738681947136,131,81,29
0,0,0,tasknet,floor4,0.25,100,0.5,0.75,0.5,0.38,0.5,0,0.09673502599283497,138,22,32
0,0,0,tasknet,floor4,0.25,100,0.5,0.75,0.5,0.38,0.5,1,0.44450110831798284,131,70,35
0,0,0,filternet,floor4,0.25,100,0.5,0.75,0.5,0.38,0.5,0,0.12931505100825375,138,32,47
0,0,0,filternet,floor4,0.25,100,0.5,0.75,0.5,0.38,0.5,1,0.4868446985819234,131,79,60
0,0,1,filternet,floor4,0.25,100,0.5,0.75,0.5,0.38,0.5,0,0.1254626784460272,138,25,26
0,0,1,filternet,floor4,0.25,100,0.5,0.75,0.5,0.38,0.5,1,0.5150607217462779,131,75,31
0,1,0,filternet,floor4,0.25,100,0.5,0.75,0.5,0.38,0.5,0,0.1758489926095166,138,46,87
0,1,0,filternet,floor4,0.25,100,0.5,0.75,0.5,0.38,0.5,1,0.49025209998828817,131,85,99
0,1,1,filternet,floor4,0.25,100,0.5,0.75,0.5,0.38,0.5,0,0.1594187504733932,138,41,78
0,1,1,filternet,floor4,0.25,100,0.5,0.75,0.5,0.38,0.5,1,0.4704406542321842,131,81,91
1,0,0,filternet,floor4,0.25,100,0.5,0.75,0.5,0.38,0.5,0,0.11405309883570751,138,22,17
1,0,0,filternet,floor4,0.25,100,0.5,0.75,0.5,0.38,0.5,1,0.5277910835896964,131,73,28
1,0,1,filternet,floor4,0.25,100,0.5,0.75,0.5,0.38,0.5,0,0.11078595317725752,138,20,13
1,0,1,filternet,floor4,0.25,100,0.5,0.75,0.5,0.38,0.5,1,0.5315464264260525,131,73,23
1,1,0,filternet,floor4,0.25,100,0.5,0.75,0.5,0.38,0.5,0,0.1378788029847849,138,37,58
1,1,0,filternet,floor4,0.25,100,0.5,0.75,0.5,0.38,0.5,1,0.4582233117731932,131,86,95
1,1,1,filternet,floor4,0.25,100,0.5,0.75,0.5,0.38,0.5,0,0.13956130121699467,138,35,51
1,1,1,filternet,floor4,0.25,100,0.5,0.75,0.5,0.38,0.5,1,0.4673442081691567,131,86,85
0,0,0,tasknet,floor4,0.5,10,0.5,0.75,0.5,0.38,0.5,0,0.08492009566327059,138,18,25
0,0,0,tasknet,floor4,0.5,10,0.5,0.75,0.5,0.38,0.5,1,0.3666750340559076,131,57,22
0,0,0,filternet,floor4,0.5,10,0.5,0.75,0.5,0.38,0.5,0,0.09133852446706889,138,20,30
0,0,0,filternet,floor4,0.5,10,0.5,0.75,0.5,0.38,0.5,1,0.37765995306540306,131,59,29
0,0,1,filternet,floor4,0.5,10,0.5,0.75,0.5,0.38,0.5,0,0.10396196431168077,138,18,13
0,0,1,filternet,floor4,0.5,10,0.5,0.75,0.5,0.38,0.5,1,0.4053071610323521,131,57,6
0,1,0,filternet,floor4,0.5,10,0.5,0.75,0.5,0.38,0.5,0,0.10765633937354001,138,17,19
0,1,0,filternet,floor4,0.5,10,0.5,0.75,0.5,0.38,0.5,1,0.41864882551952287,131,58,6
0,1,1,filternet,floor4,0.5,10,0.5,0.75,0.5,0.38,0.5,0,0.11397815584961143,138,17,16
0,1,1,filternet,floor4,0.5,10,0.5,0.75,0.5,0.38,0.5,1,0.4170596933853819,131,57,5
1,0,0,filternet,floor4,0.5,10,0.5,0.75,0.5,0.38,0.5,0,0.0927938808373591,138,14,3
1,0,0,filternet,floor4,0.5,10,0.5,0.75,0.5,0.38,0.5,1,0.4483062000897989,131,64,10
1,0,1,filternet,floor4,0.5,10,0.5,0.75,0.5,0.38,0.5,0,0.09661835748792269,138,14,2
1,0,1,filternet,floor4,0.5,10,0.5,0.75,0.5,0.38,0.5,1,0.44809783673410436,131,63,9
1,1,0,filternet,floor4,0.5,10,0.5,0.75,0.5,0.38,0.5,0,0.10670925502161198,138,16,3
1,1,0,filternet,floor4,0.5,10,0.5,0.75,0.5,0.38,0.5,1,0.44753481442376836,131,65,11
1,1,1,filternet,floor4,0.5,10,0.5,0.75,0.5,0.38,0.5,0,0.11288244766505634,138,16,2
1,1,1,filternet,floor4,0.5,10,0.5,0.75,0.5,0.38,0.5,1,0.4425723302057345,131,64,10
0,0,0,tasknet,floor4,0.5,30,0.5,0.75,0.5,0.38,0.5,0,0.09673502599283497,138,22,32
0,0,0,tasknet,floor4,0.5,30,0.5,0.75,0.5,0.38,0.5,1,0.4343169456651919,131,68,31
0,0,0,filternet,floor4,0.5,30,0.5,0.75,0.5,0.38,0.5,0,0.12284451060443494,138,30,44
0,0,0,filternet,floor4,0.5,30,0.5,0.75,0.5,0.38,0.5,1,0.4741098151315754,131,76,50
0,0,1,filternet,floor4,0.5,30,0.5,0.75,0.5,0.38,0.5,0,0.13973829914047303,138,27,28
0,0,1,filternet,floor4,0.5,30,0.5,0.75,0.5,0.38,0.5,1,0.5359869945432499,131,75,20
0,1,0,filternet,floor4,0.5,30,0.5,0.75,0.5,0.38,0.5,0,0.14538418084175453,138,28,31
0,1,0,filternet,floor4,0.5,30,0.5,0.75,0.5,0.38,0.5,1,0.5095601700550236,131,78,22
0,1,1,filternet,floor4,0.5,30,0.5,0.75,0.5,0.38,0.5,0,0.14679280522277569,138,28,29
0,1,1,filternet,floor4,0.5,30,0.5,0.75,0.5,0.38,0.5,1,0.5143696656614359,131,78,21
1,0,0,filternet,floor4,0.5,30,0.5,0.75,0.5,0.38,0.5,0,0.12472071832685644,138,18,6
1,0,0,filternet,floor4,0.5,30,0.5,0.75,0.5,0.38,0.5,1,0.5489947151601532,131,80,26
1,0,1,filternet,floor4,0.5,30,0.5,0.75,0.5,0.38,0.5,0,0.12472071832685644,138,18,6
1,0,1,filternet,floor4,0.5,30,0.5,0.75,0.5,0.38,0.5,1,0.5489947151601532,131,80,26
1,1,0,filternet,floor4,0.5,30,0.5,0.75,0.5,0.38,0.5,0,0.14536311766408289,138,22,11
1,1,0,filternet,floor4,0.5,30,0.5,0.75,0.5,0.38,0.5,1,0.5484550849220361,131,86,29
1,1,1,filternet,floor4,0.5,30,0.5,0.75,0.5,0.38,0.5,0,0.14536311766408289,138,22,10
1,1,1,filternet,floor4,0.5,30,0.5,0.75,0.5,0.38,0.5,1,0.5542752113694248,131,86,28
0,0,0,tasknet,floor4,0.5,50,0.5,0.75,0.5,0.38,0.5,0,0.09673502599283497,138,22,32
0,0,0,tasknet,floor4,0.5,50,0.5,0.75,0.5,0.38,0.5,1,0.44450110831798284,131,70,35
0,0,0,filternet,floor4,0.5,50,0.5,0.75,0.5,0.38,0.5,0,0.12999075880255162,138,32,46
0,0,0,filternet,floor4,0.5,50,0.5,0.75,0.5,0.38,0.5,1,0.4870565514278663,131,79,59
0,0,1,filternet,floor4,0.5,50,0.5,0.75,0.5,0.38,0.5,0,0.1580085236653229,138,29,27
0,0,1,filternet,floor4,0.5,50,0.5,0.75,0.5,0.38,0.5,1,0.5262165585621509,131,75,28
0,1,0,filternet,floor4,0.5,50,0.5,0.75,0.5,0.38,0.5,0,0.22129080989525662,138,43,49
0,1,0,filternet,floor4,0.5,50,0.5,0.75,0.5,0.38,0.5,1,0.5641410634321359,131,81,36
0,1,1,filternet,floor4,0.5,50,0.5,0.75,0.5,0.38,0.5,0,0.2153227266247009,138,41,46
0,1,1,filternet,floor4,0.5,50,0.5,0.75,0.5,0.38,0.5,1,0.5497994075811625,131,79,34
1,0,0,filternet,floor4,0.5,50,0.5,0.75,0.5,0.38,0.5,0,0.15409955090880756,138,24,12
1,0,0,filternet,floor4,0.5,50,0.5,0.75,0.5,0.38,0.5,1,0.5561339075015335,131,80,29
1,0,1,filternet,floor4,0.5,50,0.5,0.75,0.5,0.38,0.5,0,0.14829133728590252,138,23,12
1,0,1,filternet,floor4,0.5,50,0.5,0.75,0.5,0.38,0.5,1,0.5375760725353113,131,77,28
1,1,0,filternet,floor4,0.5,50,0.5,0.75,0.5,0.38,0.5,0,0.21405174412917968,138,34,15
1,1,0,filternet,floor4,0.5,50,0.5,0.75,0.5,0.38,0.5,1,0.5718396150121552,131,92,52
1,1,1,filternet,floor4,0.5,50,0.5,0.75,0.5,0.38,0.5,0,0.20166031671173962,138,32,15
1,1,1,filternet,floor4,0.5,50,0.5,0.75,0.5,0.38,0.5,1,0.5502538450245351,131,89,51
0,0,0,tasknet,floor4,0.5,100,0.5,0.75,0.5,0.38,0.5,0,0.09673502599283497,138,22,32
0,0,0,tasknet,floor4,0.5,100,0.5,0.75,0.5,0.38,0.5,1,0.44450110831798284,131,70,35
0,0,0,filternet,floor4,0.5,100,0.5,0.75,0.5,0.38,0.5,0,0.12931505100825375,138,32,47
0,0,0,filternet,floor4,0.5,100,0.5,0.75,0.5,0.38,0.5,1,0.4868446985819234,131,79,60
0,0,1,filternet,floor4,0.5,100,0.5,0.75,0.5,0.38,0.5,0,0.17901762488719006,138,33,27
0,0,1,filternet,floor4,0.5,100,0.5,0.75,0.5,0.38,0.5,1,0.5078717514462862,131,76,31
0,1,0,filternet,floor4,0.5,100,0.5,0.75,0.5,0.38,0.5,0,0.2395921197306493,138,51,83
0,1,0,filternet,floor4,0.5,100,0.5,0.75,0.5,0.38,0.5,1,0.5251015714588556,131,93,85
0,1,1,filternet,floor4,0.5,100,0.5,0.75,0.5,0.38,0.5,0,0.23941326546844813,138,50,80
0,1,1,filternet,floor4,0.5,100,0.5,0.75,0.5,0.38,0.5,1,0.5177851062184259,131,92,79
1,0,0,filternet,floor4,0.5,100,0.5,0.75,0.5,0.38,0.5,0,0.13964980269328095,138,24,14
1,0,0,filternet,floor4,0.5,100,0.5,0.75,0.5,0.38,0.5,1,0.5153773905994075,131,79,24
1,0,1,filternet,floor4,0.5,100,0.5,0.75,0.5,0.38,0.5,0,0.14444789510006897,138,24,13
1,0,1,filternet,floor4,0.5,100,0.5,0.75,0.5,0.38,0.5,1,0.5172676594525736,131,78,22
1,1,0,filternet,floor4,0.5,100,0.5,0.75,0.5,0.38,0.5,0,0.22702902290352397,138,47,44
1,1,0,filternet,floor4,0.5,100,0.5,0.75,0.5,0.38,0.5,1,0.5380684224482178,131,97,86
1,1,1,filternet,floor4,0.5,100,0.5,0.75,0.5,0.38,0.5,0,0.22191177625521083,138,46,43
1,1,1,filternet,floor4,0.5,100,0.5,0.75,0.5,0.38,0.5,1,0.5393254498122992,131,96,81
0,0,0,tasknet,floor4,0.75,10,0.5,0.75,0.5,0.38,0.5,0,0.08492009566327059,138,18,25
0,0,0,tasknet,floor4,0.75,10,0.5,0.75,0.5,0.38,0.5,1,0.3666750340559076,131,57,22
0,0,0,filternet,floor4,0.75,10,0.5,0.75,0.5,0.38,0.5,0,0.09133852446706889,138,20,30
0,0,0,filternet,floor4,0.75,10,0.5,0.75,0.5,0.38,0.5,1,0.37765995306540306,131,59,29
0,0,1,filternet,floor4,0.75,10,0.5,0.75,0.5,0.38,0.5,0,0.10680726212980464,138,19,17
0,0,1,filternet,floor4,0.75,10,0.5,0.75,0.5,0.38,0.5,1,0.4045054443593048,131,58,9
0,1,0,filternet,floor4,0.75,10,0.5,0.75,0.5,0.38,0.5,0,0.10562826450461278,138,20,21
0,1,0,filternet,floor4,0.75,10,0.5,0.75,0.5,0.38,0.5,1,0.42458935980621043,131,59,8
0,1,1,filternet,floor4,0.75,10,0.5,0.75,0.5,0.38,0.5,0,0.10109107793417813,138,19,21
0,1,1,filternet,floor4,0.75,10,0.5,0.75,0.5,0.38,0.5,1,0.42458935980621043,131,59,8
1,0,0,filternet,floor4,0.75,10,0.5,0.75,0.5,0.38,0.5,0,0.09541062801932368,138,15,5
1,0,0,filternet,floor4,0.75,10,0.5,0.75,0.5,0.38,0.5,1,0.4405148139228413,131,64,14
1,0,1,filternet,floor4,0.75,10,0.5,0.75,0.5,0.38,0.5,0,0.09541062801932368,138,15,5
1,0,1,filternet,floor4,0.75,10,0.5,0.75,0.5,0.38,0.5,1,0.4405148139228413,131,64,14
1,1,0,filternet,floor4,0.75,10,0.5,0.75,0.5,0.38,0.5,0,0.10030193236714974,138,16,5
1,1,0,filternet,floor4,0.75,10,0.5,0.75,0.5,0.38,0.5,1,0.4435389745883631,131,68,15
1,1,1,filternet,floor4,0.75,10,0.5,0.75,0.5,0.38,0.5,0,0.09368970700408309,138,15,5
1,1,1,filternet,floor4,0.75,10,0.5,0.75,0.5,0.38,0.5,1,0.4435389745883631,131,68,15
0,0,0,tasknet,floor4,0.75,30,0.5,0.75,0.5,0.38,0.5,0,0.09673502599283497,138,22,32
0,0,0,tasknet,floor4,0.75,30,0.5,0.75,0.5,0.38,0.5,1,0.4343169456651919,131,68,31
0,0,0,filternet,floor4,0.75,30,0.5,0.75,0.5,0.38,0.5,0,0.12284451060443494,138,30,44
0,0,0,filternet,floor4,0.75,30,0.5,0.75,0.5,0.38,0.5,1,0.4741098151315754,131,76,50
0,0,1,filternet,floor4,0.75,30,0.5,0.75,0.5,0.38,0.5,0,0.13962401494842203,138,27,27
0,0,1,filternet,floor4,0.75,30,0.5,0.75,0.5,0.38,0.5,1,0.5108517568955354,131,74,21
0,1,0,filternet,floor4,0.75,30,0.5,0.75,0.5,0.38,0.5,0,0.15140576937859213,138,28,29
0,1,0,filternet,floor4,0.75,30,0.5,0.75,0.5,0.38,0.5,1,0.5060459591385353,131,77,28
0,1,1,filternet,floor4,0.75,30,0.5,0.75,0.5,0.38,0.5,0,0.14506753049524354,138,27,29
0,1,1,filternet,floor4,0.75,30,0.5,0.75,0.5,0.38,0.5,1,0.5079028165214649,131,77,27
1,0,0,filternet,floor4,0.75,30,0.5,0.75,0.5,0.38,0.5,0,0.11104580628237917,138,18,6
1,0,0,filternet,floor4,0.75,30,0.5,0.75,0.5,0.38,0.5,1,0.5245237918531878,131,78,25
1,0,1,filternet,floor4,0.75,30,0.5,0.75,0.5,0.38,0.5,0,0.10511063448209004,138,17,6
1,0,1,filternet,floor4,0.75,30,0.5,0.75,0.5,0.38,0.5,1,0.5245237918531878,131,78,25
1,1,0,filternet,floor4,0.75,30,0.5,0.75,0.5,0.38,0.5,0,0.13262297422717217,138,22,8
1,1,0,filternet,floor4,0.75,30,0.5,0.75,0.5,0.38,0.5,1,0.5682843252643137,131,86,29
1,1,1,filternet,floor4,0.75,30,0.5,0.75,0.5,0.38,0.5,0,0.12650103519668732,138,21,8
1,1,1,filternet,floor4,0.75,30,0.5,0.75,0.5,0.38,0.5,1,0.5682843252643137,131,86,29
0,0,0,tasknet,floor4,0.75,50,0.5,0.75,0.5,0.38,0.5,0,0.09673502599283497,138,22,32
0,0,0,tasknet,floor4,0.75,50,0.5,0.75,0.5,0.38,0.5,1,0.44450110831798284,131,70,35
0,0,0,filternet,floor4,0.75,50,0.5,0.75,0.5,0.38,0.5,0,0.12999075880255162,138,32,46
0,0,0,filternet,floor4,0.75,50,0.5,0.75,0.5,0.38,0.5,1,0.4870565514278663,131,79,59
0,0,1,filternet,floor4,0.75,50,0.5,0.75,0.5,0.38,0.5,0,0.165345850329473,138,32,29
0,0,1,filternet,floor4,0.75,50,0.5,0.75,0.5,0.38,0.5,1,0.5279204700380475,131,75,26
0,1,0,filternet,floor4,0.75,50,0.5,0.75,0.5,0.38,0.5,0,0.23515474792367386,138,45,51
0,1,0,filternet,floor4,0.75,50,0.5,0.75,0.5,0.38,0.5,1,0.5631015815996862,131,82,28
0,1,1,filternet,floor4,0.75,50,0.5,0.75,0.5,0.38,0.5,0,0.2126942228095236,138,41,49
0,1,1,filternet,floor4,0.75,50,0.5,0.75,0.5,0.38,0.5,1,0.557866426523105,131,81,26
1,0,0,filternet,floor4,0.75,50,0.5,0.75,0.5,0.38,0.5,0,0.18042205161667255,138,28,9
1,0,0,filternet,floor4,0.75,50,0.5,0.75,0.5,0.38,0.5,1,0.6165164085756762,131,85,20
1,0,1,filternet,floor4,0.75,50,0.5,0.75,0.5,0.38,0.5,0,0.1920640319773892,138,29,8
1,0,1,filternet,floor4,0.75,50,0.5,0.75,0.5,0.38,0.5,1,0.6096288688607288,131,84,19
1,1,0,filternet,floor4,0.75,50,0.5,0.75,0.5,0.38,0.5,0,0.24900742544579282,138,39,16
1,1,0,filternet,floor4,0.75,50,0.5,0.75,0.5,0.38,0.5,1,0.6615965320257543,131,97,29
1,1,1,filternet,floor4,0.75,50,0.5,0.75,0.5,0.38,0.5,0,0.24559218239617064,138,38,15
1,1,1,filternet,floor4,0.75,50,0.5,0.75,0.5,0.38,0.5,1,0.6559548188166077,131,96,28
0,0,0,tasknet,floor4,0.75,100,0.5,0.75,0.5,0.38,0.5,0,0.09673502599283497,138,22,32
0,0,0,tasknet,floor4,0.75,100,0.5,0.75,0.5,0.38,0.5,1,0.44450110831798284,131,70,35
0,0,0,filternet,floor4,0.75,100,0.5,0.75,0.5,0.38,0.5,0,0.12931505100825375,138,32,47
0,0,0,filternet,floor4,0.75,100,0.5,0.75,0.5,0.38,0.5,1,0.4868446985819234,131,79,60
0,0,1,filternet,floor4,0.75,100,0.5,0.75,0.5,0.38,0.5,0,0.17321927474571258,138,31,23
0,0,1,filternet,floor4,0.75,100,0.5,0.75,0.5,0.38,0.5,1,0.5116696852071188,131,75,30
0,1,0,filternet,floor4,0.75,100,0.5,0.75,0.5,0.38,0.5,0,0.2525818598232608,138,53,87
0,1,0,filternet,floor4,0.75,100,0.5,0.75,0.5,0.38,0.5,1,0.5607126238095785,131,89,81
0,1,1,filternet,floor4,0.75,100,0.5,0.75,0.5,0.38,0.5,0,0.2633716523452871,138,52,79
0,1,1,filternet,floor4,0.75,100,0.5,0.75,0.5,0.38,0.5,1,0.5471343644795569,131,86,76
1,0,0,filternet,floor4,0.75,100,0.5,0.75,0.5,0.38,0.5,0,0.17144992688470953,138,25,6
1,0,0,filternet,floor4,0.75,100,0.5,0.75,0.5,0.38,0.5,1,0.5471011190053501,131,82,22
1,0,1,filternet,floor4,0.75,100,0.5,0.75,0.5,0.38,0.5,0,0.1731078904991948,138,25,5
1,0,1,filternet,floor4,0.75,100,0.5,0.75,0.5,0.38,0.5,1,0.555524890777497,131,82,21
1,1,0,filternet,floor4,0.75,100,0.5,0.75,0.5,0.38,0.5,0,0.3044046243831655,138,54,26
1,1,0,filternet,floor4,0.75,100,0.5,0.75,0.5,0.38,0.5,1,0.6056752494734384,131,98,75
1,1,1,filternet,floor4,0.75,100,0.5,0.75,0.5,0.38,0.5,0,0.31638349865240595,138,54,24
1,1,1,filternet,floor4,0.75,100,0.5,0.75,0.5,0.38,0.5,1,0.5957950981099078,131,96,72
0,0,0,tasknet,chemistry_floor0,0.25,10,0.5,0.75,0.5,0.38,0.5,0,0.14033209267584273,192,40,35
0,0,0,tasknet,chemistry_floor0,0.25,10,0.5,0.75,0.5,0.38,0.5,1,0.08837284790726607,135,26,76
0,0,0,filternet,chemistry_floor0,0.25,10,0.5,0.75,0.5,0.38,0.5,0,0.1483070013410686,192,43,54
0,0,0,filternet,chemistry_floor0,0.25,10,0.5,0.75,0.5,0.38,0.5,1,0.10461519261417772,135,34,94
0,0,1,filternet,chemistry_floor0,0.25,10,0.5,0.75,0.5,0.38,0.5,0,0.11792397850884259,192,32,30
0,0,1,filternet,chemistry_floor0,0.25,10,0.5,0.75,0.5,0.38,0.5,1,0.15857564201767105,135,31,30
0,1,0,filternet,chemistry_floor0,0.25,10,0.5,0.75,0.5,0.38,0.5,0,0.12941347373178128,192,34,33
0,1,0,filternet,chemistry_floor0,0.25,10,0.5,0.75,0.5,0.38,0.5,1,0.14994610753231447,135,34,33
0,1,1,filternet,chemistry_floor0,0.25,10,0.5,0.75,0.5,0.38,0.5,0,0.13120589290651946,192,32,29
0,1,1,filternet,chemistry_floor0,0.25,10,0.5,0.75,0.5,0.38,0.5,1,0.15074936017291904,135,33,26
1,0,0,filternet,chemistry_floor0,0.25,10,0.5,0.75,0.5,0.38,0.5,0,0.1162190677270619,192,28,18
1,0,0,filternet,chemistry_floor0,0.25,10,0.5,0.75,0.5,0.38,0.5,1,0.1460501103101556,135,30,28
1,0,1,filternet,chemistry_floor0,0.25,10,0.5,0.75,0.5,0.38,0.5,0,0.12031805991223446,192,28,16
1,0,1,filternet,chemistry_floor0,0.25,10,0.5,0.75,0.5,0.38,0.5,1,0.14910419701965597,135,30,25
1,1,0,filternet,chemistry_floor0,0.25,10,0.5,0.75,0.5,0.38,0.5,0,0.1257783638275885,192,30,20
1,1,0,filternet,chemistry_floor0,0.25,10,0.5,0.75,0.5,0.38,0.5,1,0.13200123387079907,135,31,30
1,1,1,filternet,chemistry_floor0,0.25,10,0.5,0.75,0.5,0.38,0.5,0,0.13374600804612,192,30,18
1,1,1,filternet,chemistry_floor0,0.25,10,0.5,0.75,0.5,0.38,0.5,1,0.13354574713754613,135,31,28
0,0,0,tasknet,chemistry_floor0,0.25,30,0.5,0.75,0.5,0.38,0.5,0,0.16609784590391524,192,48,46
0,0,0,tasknet,chemistry_floor0,0.25,30,0.5,0.75,0.5,0.38,0.5,1,0.0956401876715045,135,29,90
0,0,0,filternet,chemistry_floor0,0.25,30,0.5,0.75,0.5,0.38,0.5,0,0.1763427007048159,192,52,77
0,0,0,filternet,chemistry_floor0,0.25,30,0.5,0.75,0.5,0.38,0.5,1,0.11563797756895992,135,40,133
0,0,1,filternet,chemistry_floor0,0.25,30,0.5,0.75,0.5,0.38,0.5,0,0.17544776957141084,192,45,37
0,0,1,filternet,chemistry_floor0,0.25,30,0.5,0.75,0.5,0.38,0.5,1,0.16499850626217039,135,35,45
0,1,0,filternet,chemistry_floor0,0.25,30,0.5,0.75,0.5,0.38,0.5,0,0.1945338548410524,192,50,56
0,1,0,filternet,chemistry_floor0,0.25,30,0.5,0.75,0.5,0.38,0.5,1,0.19348923531909676,135,41,41
0,1,1,filternet,chemistry_floor0,0.25,30,0.5,0.75,0.5,0.38,0.5,0,0.18244708262693354,192,46,49
0,1,1,filternet,chemistry_floor0,0.25,30,0.5,0.75,0.5,0.38,0.5,1,0.18202969095404084,135,38,37
1,0,0,filternet,chemistry_floor0,0.25,30,0.5,0.75,0.5,0.38,0.5,0,0.1444420975977177,192,37,27
1,0,0,filternet,chemistry_floor0,0.25,30,0.5,0.75,0.5,0.38,0.5,1,0.21627749959003906,135,41,24
1,0,1,filternet,chemistry_floor0,0.25,30,0.5,0.75,0.5,0.38,0.5,0,0.13658665216082264,192,35,25
1,0,1,filternet,chemistry_floor0,0.25,30,0.5,0.75,0.5,0.38,0.5,1,0.2092445875334551,135,40,24
1,1,0,filternet,chemistry_floor0,0.25,30,0.5,0.75,0.5,0.38,0.5,0,0.1786188971740984,192,43,36
1,1,0,filternet,chemistry_floor0,0.25,30,0.5,0.75,0.5,0.38,0.5,1,0.2324545083630746,135,46,28
1,1,1,filternet,chemistry_floor0,0.25,30,0.5,0.75,0.5,0.38,0.5,0,0.1687634856389755,192,41,34
1,1,1,filternet,chemistry_floor0,0.25,30,0.5,0.75,0.5,0.38,0.5,1,0.22767178727852966,135,45,28
0,0,0,tasknet,chemistry_floor0,0.25,50,0.5,0.75,0.5,0.38,0.5,0,0.17302832494621315,192,50,46
0,0,0,tasknet,chemistry_floor0,0.25,50,0.5,0.75,0.5,0.38,0.5,1,0.09750257508450082,135,30,91
0,0,0,filternet,chemistry_floor0,0.25,50,0.5,0.75,0.5,0.38,0.5,0,0.18582444029492745,192,55,82
0,0,0,filternet,chemistry_floor0,0.25,50,0.5,0.75,0.5,0.38,0.5,1,0.11749778581528049,135,41,139
0,0,1,filternet,chemistry_floor0,0.25,50,0.5,0.75,0.5,0.38,0.5,0,0.17603321020428309,192,48,48
0,0,1,filternet,chemistry_floor0,0.25,50,0.5,0.75,0.5,0.38,0.5,1,0.17588261973666303,135,37,45
0,1,0,filternet,chemistry_floor0,0.25,50,0.5,0.75,0.5,0.38,0.5,0,0.2147876678673874,192,61,90
0,1,0,filternet,chemistry_floor0,0.25,50,0.5,0.75,0.5,0.38,0.5,1,0.21435225285024465,135,50,67
0,1,1,filternet,chemistry_floor0,0.25,50,0.5,0.75,0.5,0.38,0.5,0,0.20368600072270268,192,56,75
0,1,1,filternet,chemistry_floor0,0.25,50,0.5,0.75,0.5,0.38,0.5,1,0.19856001112817664,135,44,45
1,0,0,filternet,chemistry_floor0,0.25,50,0.5,0.75,0.5,0.38,0.5,0,0.17464997861185946,192,40,22
1,0,0,filternet,chemistry_floor0,0.25,50,0.5,0.75,0.5,0.38,0.5,1,0.21707288972935743,135,39,26
1,0,1,filternet,chemistry_floor0,0.25,50,0.5,0.75,0.5,0.38,0.5,0,0.17661962704958728,192,40,21
1,0,1,filternet,chemistry_floor0,0.25,50,0.5,0.75,0.5,0.38,0.5,1,0.21707288972935743,135,39,26
1,1,0,filternet,chemistry_floor0,0.25,50,0.5,0.75,0.5,0.38,0.5,0,0.19722340274213335,192,51,48
1,1,0,filternet,chemistry_floor0,0.25,50,0.5,0.75,0.5,0.38,0.5,1,0.2506650789820095,135,50,38
1,1,1,filternet,chemistry_floor0,0.25,50,0.5,0.75,0.5,0.38,0.5,0,0.20137630401216702,192,50,43
1,1,1,filternet,chemistry_floor0,0.25,50,0.5,0.75,0.5,0.38,0.5,1,0.25251066061483396,135,50,37
0,0,0,tasknet,chemistry_floor0,0.25,100,0.5,0.75,0.5,0.38,0.5,0,0.17302832494621315,192,50,46
0,0,0,tasknet,chemistry_floor0,0.25,100,0.5,0.75,0.5,0.38,0.5,1,0.09750257508450082,135,30,91
0,0,0,filternet,chemistry_floor0,0.25,100,0.5,0.75,0.5,0.38,0.5,0,0.1858036914659159,192,55,84
0,0,0,filternet,chemistry_floor0,0.25,100,0.5,0.75,0.5,0.38,0.5,1,0.11749778581528049,135,41,139
0,0,1,filternet,chemistry_floor0,0.25,100,0.5,0.75,0.5,0.38,0.5,0,0.18988661351571234,192,49,47
0,0,1,filternet,chemistry_floor0,0.25,100,0.5,0.75,0.5,0.38,0.5,1,0.1870098553226552,135,40,49
0,1,0,filternet,chemistry_floor0,0.25,100,0.5,0.75,0.5,0.38,0.5,0,0.21669498361823328,192,66,105
0,1,0,filternet,chemistry_floor0,0.25,100,0.5,0.75,0.5,0.38,0.5,1,0.2313149565870798,135,54,127
0,1,1,filternet,chemistry_floor0,0.25,100,0.5,0.75,0.5,0.38,0.5,0,0.19578728321099514,192,60,98
0,1,1,filternet,chemistry_floor0,0.25,100,0.5,0.75,0.5,0.38,0.5,1,0.22417670225968378,135,52,113
1,0,0,filternet,chemistry_floor0,0.25,100,0.5,0.75,0.5,0.38,0.5,0,0.1927136755023432,192,44,22
1,0,0,filternet,chemistry_floor0,0.25,100,0.5,0.75,0.5,0.38,0.5,1,0.2978815411194627,135,49,24
1,0,1,filternet,chemistry_floor0,0.25,100,0.5,0.75,0.5,0.38,0.5,0,0.18356738187887384,192,42,20
1,0,1,filternet,chemistry_floor0,0.25,100,0.5,0.75,0.5,0.38,0.5,1,0.2978815411194627,135,49,24
1,1,0,filternet,chemistry_floor0,0.25,100,0.5,0.75,0.5,0.38,0.5,0,0.2284953135584923,192,64,65
1,1,0,filternet,chemistry_floor0,0.25,100,0.5,0.75,0.5,0.38,0.5,1,0.29612056981811263,135,56,60
1,1,1,filternet,chemistry_floor0,0.25,100,0.5,0.75,0.5,0.38,0.5,0,0.21439588438313376,192,60,64
1,1,1,filternet,chemistry_floor0,0.25,100,0.5,0.75,0.5,0.38,0.5,1,0.2961522109176408,135,56,59
0,0,0,tasknet,chemistry_floor0,0.5,10,0.5,0.75,0.5,0.38,0.5,0,0.14033209267584273,192,40,35
0,0,0,tasknet,chemistry_floor0,0.5,10,0.5,0.75,0.5,0.38,0.5,1,0.08837284790726607,135,26,76
0,0,0,filternet,chemistry_floor0,0.5,10,0.5,0.75,0.5,0.38,0.5,0,0.1483070013410686,192,43,54
0,0,0,filternet,chemistry_floor0,0.5,10,0.5,0.75,0.5,0.38,0.5,1,0.10461519261417772,135,34,94
0,0,1,filternet,chemistry_floor0,0.5,10,0.5,0.75,0.5,0.38,0.5,0,0.14433781323678424,192,36,32
0,0,1,filternet,chemistry_floor0,0.5,10,0.5,0.75,0.5,0.38,0.5,1,0.1645644291899107,135,33,28
0,1,0,filternet,chemistry_floor0,0.5,10,0.5,0.75,0.5,0.38,0.5,0,0.16939680954018424,192,39,30
0,1,0,filternet,chemistry_floor0,0.5,10,0.5,0.75,0.5,0.38,0.5,1,0.18227745740619175,135,35,23
0,1,1,filternet,chemistry_floor0,0.5,10,0.5,0.75,0.5,0.38,0.5,0,0.16222284381660057,192,36,28
0,1,1,filternet,chemistry_floor0,0.5,10,0.5,0.75,0.5,0.38,0.5,1,0.18312143474139717,135,35,18
1,0,0,filternet,chemistry_floor0,0.5,10,0.5,0.75,0.5,0.38,0.5,0,0.13027343749999998,192,29,16
1,0,0,filternet,chemistry_floor0,0.5,10,0.5,0.75,0.5,0.38,0.5,1,0.1907790602669829,135,36,24
1,0,1,filternet,chemistry_floor0,0.5,10,0.5,0.75,0.5,0.38,0.5,0,0.12305274024024028,192,27,15
1,0,1,filternet,chemistry_floor0,0.5,10,0.5,0.75,0.5,0.38,0.5,1,0.1907790602669829,135,36,24
1,1,0,filternet,chemistry_floor0,0.5,10,0.5,0.75,0.5,0.38,0.5,0,0.12898127653029615,192,31,21
1,1,0,filternet,chemistry_floor0,0.5,10,0.5,0.75,0.5,0.38,0.5,1,0.18356904889871883,135,37,25
1,1,1,filternet,chemistry_floor0,0.5,10,0.5,0.75,0.5,0.38,0.5,0,0.12502623224397416,192,29,20
1,1,1,filternet,chemistry_floor0,0.5,10,0.5,0.75,0.5,0.38,0.5,1,0.18356904889871883,135,37,25
0,0,0,tasknet,chemistry_floor0,0.5,30,0.5,0.75,0.5,0.38,0.5,0,0.16609784590391524,192,48,46
0,0,0,tasknet,chemistry_floor0,0.5,30,0.5,0.75,0.5,0.38,0.5,1,0.0956401876715045,135,29,90
0,0,0,filternet,chemistry_floor0,0.5,30,0.5,0.75,0.5,0.38,0.5,0,0.1763427007048159,192,52,77
0,0,0,filternet,chemistry_floor0,0.5,30,0.5,0.75,0.5,0.38,0.5,1,0.11563797756895992,135,40,133
0,0,1,filternet,chemistry_floor0,0.5,30,0.5,0.75,0.5,0.38,0.5,0,0.19870785562027588,192,50,38
0,0,1,filternet,chemistry_floor0,0.5,30,0.5,0.75,0.5,0.38,0.5,1,0.1803668386991469,135,37,42
0,1,0,filternet,chemistry_floor0,0.5,30,0.5,0.75,0.5,0.38,0.5,0,0.21990047034799742,192,52,47
0,1,0,filternet,chemistry_floor0,0.5,30,0.5,0.75,0.5,0.38,0.5,1,0.19829337753176765,135,42,52
0,1,1,filternet,chemistry_floor0,0.5,30,0.5,0.75,0.5,0.38,0.5,0,0.21993079882877384,192,52,42
0,1,1,filternet,chemistry_floor0,0.5,30,0.5,0.75,0.5,0.38,0.5,1,0.19531387857637872,135,41,42
1,0,0,filternet,chemistry_floor0,0.5,30,0.5,0.75,0.5,0.38,0.5,0,0.22192282256846949,192,49,23
1,0,0,filternet,chemistry_floor0,0.5,30,0.5,0.75,0.5,0.38,0.5,1,0.23690349657485818,135,43,26
1,0,1,filternet,chemistry_floor0,0.5,30,0.5,0.75,0.5,0.38,0.5,0,0.21667526931249198,192,48,23
1,0,1,filternet,chemistry_floor0,0.5,30,0.5,0.75,0.5,0.38,0.5,1,0.23690349657485818,135,43,26
1,1,0,filternet,chemistry_floor0,0.5,30,0.5,0.75,0.5,0.38,0.5,0,0.22039757098434543,192,52,31
1,1,0,filternet,chemistry_floor0,0.5,30,0.5,0.75,0.5,0.38,0.5,1,0.22431519810919548,135,44,31
1,1,1,filternet,chemistry_floor0,0.5,30,0.5,0.75,0.5,0.38,0.5,0,0.22039757098434543,192,52,31
1,1,1,filternet,chemistry_floor0,0.5,30,0.5,0.75,0.5,0.38,0.5,1,0.22431519810919548,135,44,31
0,0,0,tasknet,chemistry_floor0,0.5,50,0.5,0.75,0.5,0.38,0.5,0,0.17302832494621315,192,50,46
0,0,0,tasknet,chemistry_floor0,0.5,50,0.5,0.75,0.5,0.38,0.5,1,0.09750257508450082,135,30,91
0,0,0,filternet,chemistry_floor0,0.5,50,0.5,0.75,0.5,0.38,0.5,0,0.18582444029492745,192,55,82
0,0,0,filternet,chemistry_floor0,0.5,50,0.5,0.75,0.5,0.38,0.5,1,0.11749778581528049,135,41,139
0,0,1,filternet,chemistry_floor0,0.5,50,0.5,0.75,0.5,0.38,0.5,0,0.19780300080455385,192,51,41
0,0,1,filternet,chemistry_floor0,0.5,50,0.5,0.75,0.5,0.38,0.5,1,0.18362603987345516,135,38,41
0,1,0,filternet,chemistry_floor0,0.5,50,0.5,0.75,0.5,0.38,0.5,0,0.23018295269662575,192,64,70
0,1,0,filternet,chemistry_floor0,0.5,50,0.5,0.75,0.5,0.38,0.5,1,0.2844429518419671,135,50,58
0,1,1,filternet,chemistry_floor0,0.5,50,0.5,0.75,0.5,0.38,0.5,0,0.22420541820000445,192,62,67
0,1,1,filternet,chemistry_floor0,0.5,50,0.5,0.75,0.5,0.38,0.5,1,0.2797591459870175,135,48,44
1,0,0,filternet,chemistry_floor0,0.5,50,0.5,0.75,0.5,0.38,0.5,0,0.25838194591395236,192,52,15
1,0,0,filternet,chemistry_floor0,0.5,50,0.5,0.75,0.5,0.38,0.5,1,0.2706128621297823,135,49,27
1,0,1,filternet,chemistry_floor0,0.5,50,0.5,0.75,0.5,0.38,0.5,0,0.244159625958163,192,49,14
1,0,1,filternet,chemistry_floor0,0.5,50,0.5,0.75,0.5,0.38,0.5,1,0.263337484358553,135,48,28
1,1,0,filternet,chemistry_floor0,0.5,50,0.5,0.75,0.5,0.38,0.5,0,0.27784859967972847,192,63,38
1,1,0,filternet,chemistry_floor0,0.5,50,0.5,0.75,0.5,0.38,0.5,1,0.3205872739300169,135,58,41
1,1,1,filternet,chemistry_floor0,0.5,50,0.5,0.75,0.5,0.38,0.5,0,0.2630371034718054,192,60,36
1,1,1,filternet,chemistry_floor0,0.5,50,0.5,0.75,0.5,0.38,0.5,1,0.3205872739300169,135,58,41
0,0,0,tasknet,chemistry_floor0,0.5,100,0.5,0.75,0.5,0.38,0.5,0,0.17302832494621315,192,50,46
0,0,0,tasknet,chemistry_floor0,0.5,100,0.5,0.75,0.5,0.38,0.5,1,0.09750257508450082,135,30,91
0,0,0,filternet,chemistry_floor0,0.5,100,0.5,0.75,0.5,0.38,0.5,0,0.1858036914659159,192,55,84
0,0,0,filternet,chemistry_floor0,0.5,100,0.5,0.75,0.5,0.38,0.5,1,0.11749778581528049,135,41,139
0,0,1,filternet,chemistry_floor0,0.5,100,0.5,0.75,0.5,0.38,0.5,0,0.1897772376469961,192,50,43
0,0,1,filternet,chemistry_floor0,0.5,100,0.5,0.75,0.5,0.38,0.5,1,0.198120919384104,135,40,41
0,1,0,filternet,chemistry_floor0,0.5,100,0.5,0.75,0.5,0.38,0.5,0,0.2413093422935758,192,69,114
0,1,0,filternet,chemistry_floor0,0.5,100,0.5,0.75,0.5,0.38,0.5,1,0.24549992152898953,135,52,106
0,1,1,filternet,chemistry_floor0,0.5,100,0.5,0.75,0.5,0.38,0.5,0,0.2277824871751636,192,65,97
0,1,1,filternet,chemistry_floor0,0.5,100,0.5,0.75,0.5,0.38,0.5,1,0.24076515254330286,135,50,86
1,0,0,filternet,chemistry_floor0,0.5,100,0.5,0.75,0.5,0.38,0.5,0,0.18032718705801204,192,38,13
1,0,0,filternet,chemistry_floor0,0.5,100,0.5,0.75,0.5,0.38,0.5,1,0.2502754908704732,135,52,40
1,0,1,filternet,chemistry_floor0,0.5,100,0.5,0.75,0.5,0.38,0.5,0,0.16425090668240175,192,35,12
1,0,1,filternet,chemistry_floor0,0.5,100,0.5,0.75,0.5,0.38,0.5,1,0.2382959187798452,135,50,40
1,1,0,filternet,chemistry_floor0,0.5,100,0.5,0.75,0.5,0.38,0.5,0,0.24473457091027645,192,59,39
1,1,0,filternet,chemistry_floor0,0.5,100,0.5,0.75,0.5,0.38,0.5,1,0.30073061615954777,135,68,92
1,1,1,filternet,chemistry_floor0,0.5,100,0.5,0.75,0.5,0.38,0.5,0,0.22971283220815153,192,55,36
1,1,1,filternet,chemistry_floor0,0.5,100,0.5,0.75,0.5,0.38,0.5,1,0.2970823330358488,135,67,91
0,0,0,tasknet,chemistry_floor0,0.75,10,0.5,0.75,0.5,0.38,0.5,0,0.14033209267584273,192,40,35
0,0,0,tasknet,chemistry_floor0,0.75,10,0.5,0.75,0.5,0.38,0.5,1,0.08837284790726607,135,26,76
0,0,0,filternet,chemistry_floor0,0.75,10,0.5,0.75,0.5,0.38,0.5,0,0.1483070013410686,192,43,54
0,0,0,filternet,chemistry_floor0,0.75,10,0.5,0.75,0.5,0.38,0.5,1,0.10461519261417772,135,34,94
0,0,1,filternet,chemistry_floor0,0.75,10,0.5,0.75,0.5,0.38,0.5,0,0.16264885928987372,192,41,33
0,0,1,filternet,chemistry_floor0,0.75,10,0.5,0.75,0.5,0.38,0.5,1,0.17173556624582229,135,33,26
0,1,0,filternet,chemistry_floor0,0.75,10,0.5,0.75,0.5,0.38,0.5,0,0.16119035586569308,192,42,30
0,1,0,filternet,chemistry_floor0,0.75,10,0.5,0.75,0.5,0.38,0.5,1,0.19861492248354795,135,35,24
0,1,1,filternet,chemistry_floor0,0.75,10,0.5,0.75,0.5,0.38,0.5,0,0.1519577166084764,192,40,30
0,1,1,filternet,chemistry_floor0,0.75,10,0.5,0.75,0.5,0.38,0.5,1,0.18904702124898004,135,33,21
1,0,0,filternet,chemistry_floor0,0.75,10,0.5,0.75,0.5,0.38,0.5,0,0.17194920096705812,192,38,17
1,0,0,filternet,chemistry_floor0,0.75,10,0.5,0.75,0.5,0.38,0.5,1,0.21145189461466263,135,35,15
1,0,1,filternet,chemistry_floor0,0.75,10,0.5,0.75,0.5,0.38,0.5,0,0.1671392996715809,192,37,17
1,0,1,filternet,chemistry_floor0,0.75,10,0.5,0.75,0.5,0.38,0.5,1,0.21145189461466263,135,35,15
1,1,0,filternet,chemistry_floor0,0.75,10,0.5,0.75,0.5,0.38,0.5,0,0.1813764391161517,192,41,19
1,1,0,filternet,chemistry_floor0,0.75,10,0.5,0.75,0.5,0.38,0.5,1,0.2166334085969331,135,37,14
1,1,1,filternet,chemistry_floor0,0.75,10,0.5,0.75,0.5,0.38,0.5,0,0.17550153329105533,192,40,19
1,1,1,filternet,chemistry_floor0,0.75,10,0.5,0.75,0.5,0.38,0.5,1,0.2166334085969331,135,37,14
0,0,0,tasknet,chemistry_floor0,0.75,30,0.5,0.75,0.5,0.38,0.5,0,0.16609784590391524,192,48,46
0,0,0,tasknet,chemistry_floor0,0.75,30,0.5,0.75,0.5,0.38,0.5,1,0.0956401876715045,135,29,90
0,0,0,filternet,chemistry_floor0,0.75,30,0.5,0.75,0.5,0.38,0.5,0,0.1763427007048159,192,52,77
0,0,0,filternet,chemistry_floor0,0.75,30,0.5,0.75,0.5,0.38,0.5,1,0.11563797756895992,135,40,133
0,0,1,filternet,chemistry_floor0,0.75,30,0.5,0.75,0.5,0.38,0.5,0,0.19841609278135539,192,51,41
0,0,1,filternet,chemistry_floor0,0.75,30,0.5,0.75,0.5,0.38,0.5,1,0.18459614642174324,135,39,42
0,1,0,filternet,chemistry_floor0,0.75,30,0.5,0.75,0.5,0.38,0.5,0,0.19727206277691584,192,54,59
0,1,0,filternet,chemistry_floor0,0.75,30,0.5,0.75,0.5,0.38,0.5,1,0.221540389223635,135,43,45
0,1,1,filternet,chemistry_floor0,0.75,30,0.5,0.75,0.5,0.38,0.5,0,0.19058726382329727,192,52,54
0,1,1,filternet,chemistry_floor0,0.75,30,0.5,0.75,0.5,0.38,0.5,1,0.22181816700141277,135,43,37
1,0,0,filternet,chemistry_floor0,0.75,30,0.5,0.75,0.5,0.38,0.5,0,0.22335890100935402,192,47,20
1,0,0,filternet,chemistry_floor0,0.75,30,0.5,0.75,0.5,0.38,0.5,1,0.28119611445441023,135,49,26
1,0,1,filternet,chemistry_floor0,0.75,30,0.5,0.75,0.5,0.38,0.5,0,0.21348524442909445,192,45,20
1,0,1,filternet,chemistry_floor0,0.75,30,0.5,0.75,0.5,0.38,0.5,1,0.29102233924816345,135,49,25
1,1,0,filternet,chemistry_floor0,0.75,30,0.5,0.75,0.5,0.38,0.5,0,0.20414723306355204,192,50,32
1,1,0,filternet,chemistry_floor0,0.75,30,0.5,0.75,0.5,0.38,0.5,1,0.3143896557913432,135,53,32
1,1,1,filternet,chemistry_floor0,0.75,30,0.5,0.75,0.5,0.38,0.5,0,0.19644458359611844,192,48,32
1,1,1,filternet,chemistry_floor0,0.75,30,0.5,0.75,0.5,0.38,0.5,1,0.3143896557913432,135,53,31
0,0,0,tasknet,chemistry_floor0,0.75,50,0.5,0.75,0.5,0.38,0.5,0,0.17302832494621315,192,50,46
0,0,0,tasknet,chemistry_floor0,0.75,50,0.5,0.75,0.5,0.38,0.5,1,0.09750257508450082,135,30,91
0,0,0,filternet,chemistry_floor0,0.75,50,0.5,0.75,0.5,0.38,0.5,0,0.18582444029492745,192,55,82
0,0,0,filternet,chemistry_floor0,0.75,50,0.5,0.75,0.5,0.38,0.5,1,0.11749778581528049,135,41,139
0,0,1,filternet,chemistry_floor0,0.75,50,0.5,0.75,0.5,0.38,0.5,0,0.20561513866032763,192,53,47
0,0,1,filternet,chemistry_floor0,0.75,50,0.5,0.75,0.5,0.38,0.5,1,0.20706237091917215,135,41,43
0,1,0,filternet,chemistry_floor0,0.75,50,0.5,0.75,0.5,0.38,0.5,0,0.22776856152140867,192,68,80
0,1,0,filternet,chemistry_floor0,0.75,50,0.5,0.75,0.5,0.38,0.5,1,0.2831573831511773,135,55,78
0,1,1,filternet,chemistry_floor0,0.75,50,0.5,0.75,0.5,0.38,0.5,0,0.2223988845771077,192,66,74
0,1,1,filternet,chemistry_floor0,0.75,50,0.5,0.75,0.5,0.38,0.5,1,0.2797981950231968,135,52,60
1,0,0,filternet,chemistry_floor0,0.75,50,0.5,0.75,0.5,0.38,0.5,0,0.2503434075339929,192,52,15
1,0,0,filternet,chemistry_floor0,0.75,50,0.5,0.75,0.5,0.38,0.5,1,0.3055324599654899,135,52,31
1,0,1,filternet,chemistry_floor0,0.75,50,0.5,0.75,0.5,0.38,0.5,0,0.23885741641703812,192,50,15
1,0,1,filternet,chemistry_floor0,0.75,50,0.5,0.75,0.5,0.38,0.5,1,0.3055324599654899,135,52,31
1,1,0,filternet,chemistry_floor0,0.75,50,0.5,0.75,0.5,0.38,0.5,0,0.2687669021154489,192,65,36
1,1,0,filternet,chemistry_floor0,0.75,50,0.5,0.75,0.5,0.38,0.5,1,0.3542349206850266,135,60,48
1,1,1,filternet,chemistry_floor0,0.75,50,0.5,0.75,0.5,0.38,0.5,0,0.25981628933330847,192,62,33
1,1,1,filternet,chemistry_floor0,0.75,50,0.5,0.75,0.5,0.38,0.5,1,0.34898003145093004,135,59,47
0,0,0,tasknet,chemistry_floor0,0.75,100,0.5,0.75,0.5,0.38,0.5,0,0.17302832494621315,192,50,46
0,0,0,tasknet,chemistry_floor0,0.75,100,0.5,0.75,0.5,0.38,0.5,1,0.09750257508450082,135,30,91
0,0,0,filternet,chemistry_floor0,0.75,100,0.5,0.75,0.5,0.38,0.5,0,0.1858036914659159,192,55,84
0,0,0,filternet,chemistry_floor0,0.75,100,0.5,0.75,0.5,0.38,0.5,1,0.11749778581528049,135,41,139
0,0,1,filternet,chemistry_floor0,0.75,100,0.5,0.75,0.5,0.38,0.5,0,0.20115859494306115,192,52,46
0,0,1,filternet,chemistry_floor0,0.75,100,0.5,0.75,0.5,0.38,0.5,1,0.19912669583282486,135,41,42
0,1,0,filternet,chemistry_floor0,0.75,100,0.5,0.75,0.5,0.38,0.5,0,0.2540977715765427,192,73,99
0,1,0,filternet,chemistry_floor0,0.75,100,0.5,0.75,0.5,0.38,0.5,1,0.3339812753061079,135,58,99
0,1,1,filternet,chemistry_floor0,0.75,100,0.5,0.75,0.5,0.38,0.5,0,0.254351264248887,192,73,94
0,1,1,filternet,chemistry_floor0,0.75,100,0.5,0.75,0.5,0.38,0.5,1,0.34942657383617937,135,58,83
1,0,0,filternet,chemistry_floor0,0.75,100,0.5,0.75,0.5,0.38,0.5,0,0.23698847919414776,192,50,15
1,0,0,filternet,chemistry_floor0,0.75,100,0.5,0.75,0.5,0.38,0.5,1,0.32608319743318576,135,53,24
1,0,1,filternet,chemistry_floor0,0.75,100,0.5,0.75,0.5,0.38,0.5,0,0.23698847919414776,192,50,15
1,0,1,filternet,chemistry_floor0,0.75,100,0.5,0.75,0.5,0.38,0.5,1,0.32608319743318576,135,53,24
1,1,0,filternet,chemistry_floor0,0.75,100,0.5,0.75,0.5,0.38,0.5,0,0.30947698134901136,192,74,49
1,1,0,filternet,chemistry_floor0,0.75,100,0.5,0.75,0.5,0.38,0.5,1,0.3993536753758439,135,70,68
1,1,1,filternet,chemistry_floor0,0.75,100,0.5,0.75,0.5,0.38,0.5,0,0.3033855461248312,192,73,47
1,1,1,filternet,chemistry_floor0,0.75,100,0.5,0.75,0.5,0.38,0.5,1,0.3993536753758439,135,70,68
0,0,0,tasknet,house_matteo,0.25,10,0.5,0.75,0.5,0.38,0.5,0,0.6328658790552317,88,58,16
0,0,0,tasknet,house_matteo,0.25,10,0.5,0.75,0.5,0.38,0.5,1,0.19199242650298415,155,32,11
0,0,0,filternet,house_matteo,0.25,10,0.5,0.75,0.5,0.38,0.5,0,0.6596954091742356,88,61,17
0,0,0,filternet,house_matteo,0.25,10,0.5,0.75,0.5,0.38,0.5,1,0.22449062185601823,155,39,16
0,0,1,filternet,house_matteo,0.25,10,0.5,0.75,0.5,0.38,0.5,0,0.6354537287718671,88,59,18
0,0,1,filternet,house_matteo,0.25,10,0.5,0.75,0.5,0.38,0.5,1,0.22292241333241877,155,38,13
0,1,0,filternet,house_matteo,0.25,10,0.5,0.75,0.5,0.38,0.5,0,0.5346950050812248,88,60,19
0,1,0,filternet,house_matteo,0.25,10,0.5,0.75,0.5,0.38,0.5,1,0.22385386944889166,155,39,13
0,1,1,filternet,house_matteo,0.25,10,0.5,0.75,0.5,0.38,0.5,0,0.5346950050812248,88,60,19
0,1,1,filternet,house_matteo,0.25,10,0.5,0.75,0.5,0.38,0.5,1,0.22385386944889166,155,39,13
1,0,0,filternet,house_matteo,0.25,10,0.5,0.75,0.5,0.38,0.5,0,0.6491945349732237,88,59,6
1,0,0,filternet,house_matteo,0.25,10,0.5,0.75,0.5,0.38,0.5,1,0.2506285148658259,155,44,19
1,0,1,filternet,house_matteo,0.25,10,0.5,0.75,0.5,0.38,0.5,0,0.6256647131117471,88,57,6
1,0,1,filternet,house_matteo,0.25,10,0.5,0.75,0.5,0.38,0.5,1,0.24824776816053035,155,43,17
1,1,0,filternet,house_matteo,0.25,10,0.5,0.75,0.5,0.38,0.5,0,0.624397792876495,88,59,6
1,1,0,filternet,house_matteo,0.25,10,0.5,0.75,0.5,0.38,0.5,1,0.23652066338857886,155,45,19
1,1,1,filternet,house_matteo,0.25,10,0.5,0.75,0.5,0.38,0.5,0,0.624397792876495,88,59,6
1,1,1,filternet,house_matteo,0.25,10,0.5,0.75,0.5,0.38,0.5,1,0.23652066338857886,155,45,19
0,0,0,tasknet,house_matteo,0.25,30,0.5,0.75,0.5,0.38,0.5,0,0.6409856558172662,88,60,25
0,0,0,tasknet,house_matteo,0.25,30,0.5,0.75,0.5,0.38,0.5,1,0.3017915392318796,155,55,27
0,0,0,filternet,house_matteo,0.25,30,0.5,0.75,0.5,0.38,0.5,0,0.6627047526455602,88,63,37
0,0,0,filternet,house_matteo,0.25,30,0.5,0.75,0.5,0.38,0.5,1,0.3899609720123334,155,75,39
0,0,1,filternet,house_matteo,0.25,30,0.5,0.75,0.5,0.38,0.5,0,0.6525448839535759,88,62,33
0,0,1,filternet,house_matteo,0.25,30,0.5,0.75,0.5,0.38,0.5,1,0.39328796423393386,155,75,36
0,1,0,filternet,house_matteo,0.25,30,0.5,0.75,0.5,0.38,0.5,0,0.5154995176755756,88,60,31
0,1,0,filternet,house_matteo,0.25,30,0.5,0.75,0.5,0.38,0.5,1,0.47799292288693024,155,86,40
0,1,1,filternet,house_matteo,0.25,30,0.5,0.75,0.5,0.38,0.5,0,0.5154995176755756,88,60,30
0,1,1,filternet,house_matteo,0.25,30,0.5,0.75,0.5,0.38,0.5,1,0.47799292288693024,155,86,40
1,0,0,filternet,house_matteo,0.25,30,0.5,0.75,0.5,0.38,0.5,0,0.6646030683888824,88,61,7
1,0,0,filternet,house_matteo,0.25,30,0.5,0.75,0.5,0.38,0.5,1,0.4241744426513976,155,80,40
1,0,1,filternet,house_matteo,0.25,30,0.5,0.75,0.5,0.38,0.5,0,0.6529936090032026,88,60,7
1,0,1,filternet,house_matteo,0.25,30,0.5,0.75,0.5,0.38,0.5,1,0.42516197629463715,155,80,37
1,1,0,filternet,house_matteo,0.25,30,0.5,0.75,0.5,0.38,0.5,0,0.6605492770727258,88,62,6
1,1,0,filternet,house_matteo,0.25,30,0.5,0.75,0.5,0.38,0.5,1,0.5084600315957842,155,93,38
1,1,1,filternet,house_matteo,0.25,30,0.5,0.75,0.5,0.38,0.5,0,0.6605492770727258,88,62,6
1,1,1,filternet,house_matteo,0.25,30,0.5,0.75,0.5,0.38,0.5,1,0.5084600315957842,155,93,38
0,0,0,tasknet,house_matteo,0.25,50,0.5,0.75,0.5,0.38,0.5,0,0.6405571600946529,88,60,28
0,0,0,tasknet,house_matteo,0.25,50,0.5,0.75,0.5,0.38,0.5,1,0.3146185959805047,155,58,29
0,0,0,filternet,house_matteo,0.25,50,0.5,0.75,0.5,0.38,0.5,0,0.6611501460025667,88,63,43
0,0,0,filternet,house_matteo,0.25,50,0.5,0.75,0.5,0.38,0.5,1,0.40954884731469926,155,80,48
0,0,1,filternet,house_matteo,0.25,50,0.5,0.75,0.5,0.38,0.5,0,0.6400597107968868,88,61,33
0,0,1,filternet,house_matteo,0.25,50,0.5,0.75,0.5,0.38,0.5,1,0.40932114163336497,155,78,41
0,1,0,filternet,house_matteo,0.25,50,0.5,0.75,0.5,0.38,0.5,0,0.47481673913826333,88,61,47
0,1,0,filternet,house_matteo,0.25,50,0.5,0.75,0.5,0.38,0.5,1,0.5544389492778744,155,100,50
0,1,1,filternet,house_matteo,0.25,50,0.5,0.75,0.5,0.38,0.5,0,0.4683983889699131,88,60,47
0,1,1,filternet,house_matteo,0.25,50,0.5,0.75,0.5,0.38,0.5,1,0.5550134721412073,155,100,47
1,0,0,filternet,house_matteo,0.25,50,0.5,0.75,0.5,0.38,0.5,0,0.7342863241355568,88,68,12
1,0,0,filternet,house_matteo,0.25,50,0.5,0.75,0.5,0.38,0.5,1,0.49666731829691213,155,88,26
1,0,1,filternet,house_matteo,0.25,50,0.5,0.75,0.5,0.38,0.5,0,0.7102801392768815,88,66,12
1,0,1,filternet,house_matteo,0.25,50,0.5,0.75,0.5,0.38,0.5,1,0.49345515869829726,155,87,24
1,1,0,filternet,house_matteo,0.25,50,0.5,0.75,0.5,0.38,0.5,0,0.6462484615058143,88,66,14
1,1,0,filternet,house_matteo,0.25,50,0.5,0.75,0.5,0.38,0.5,1,0.6044220373393253,155,104,36
1,1,1,filternet,house_matteo,0.25,50,0.5,0.75,0.5,0.38,0.5,0,0.6368231162814184,88,65,14
1,1,1,filternet,house_matteo,0.25,50,0.5,0.75,0.5,0.38,0.5,1,0.604704185658795,155,104,35
0,0,0,tasknet,house_matteo,0.25,100,0.5,0.75,0.5,0.38,0.5,0,0.6405571600946529,88,60,28
0,0,0,tasknet,house_matteo,0.25,100,0.5,0.75,0.5,0.38,0.5,1,0.3146185959805047,155,58,29
0,0,0,filternet,house_matteo,0.25,100,0.5,0.75,0.5,0.38,0.5,0,0.6690689324937891,88,64,43
0,0,0,filternet,house_matteo,0.25,100,0.5,0.75,0.5,0.38,0.5,1,0.4091556404726233,155,80,52
0,0,1,filternet,house_matteo,0.25,100,0.5,0.75,0.5,0.38,0.5,0,0.6725702828639712,88,64,34
0,0,1,filternet,house_matteo,0.25,100,0.5,0.75,0.5,0.38,0.5,1,0.41791152880684257,155,79,42
0,1,0,filternet,house_matteo,0.25,100,0.5,0.75,0.5,0.38,0.5,0,0.5257340586074352,88,65,66
0,1,0,filternet,house_matteo,0.25,100,0.5,0.75,0.5,0.38,0.5,1,0.5749706966005531,155,107,82
0,1,1,filternet,house_matteo,0.25,100,0.5,0.75,0.5,0.38,0.5,0,0.5257340586074352,88,65,67
0,1,1,filternet,house_matteo,0.25,100,0.5,0.75,0.5,0.38,0.5,1,0.5653387745489384,155,105,77
1,0,0,filternet,house_matteo,0.25,100,0.5,0.75,0.5,0.38,0.5,0,0.6952143443165791,88,66,21
1,0,0,filternet,house_matteo,0.25,100,0.5,0.75,0.5,0.38,0.5,1,0.4762092847774401,155,84,32
1,0,1,filternet,house_matteo,0.25,100,0.5,0.75,0.5,0.38,0.5,0,0.6952143443165791,88,66,21
1,0,1,filternet,house_matteo,0.25,100,0.5,0.75,0.5,0.38,0.5,1,0.4802935379668759,155,84,30
1,1,0,filternet,house_matteo,0.25,100,0.5,0.75,0.5,0.38,0.5,0,0.6722690117237704,88,71,33
1,1,0,filternet,house_matteo,0.25,100,0.5,0.75,0.5,0.38,0.5,1,0.6263080518556715,155,113,67
1,1,1,filternet,house_matteo,0.25,100,0.5,0.75,0.5,0.38,0.5,0,0.6722690117237704,88,71,33
1,1,1,filternet,house_matteo,0.25,100,0.5,0.75,0.5,0.38,0.5,1,0.6213778738598865,155,112,63
0,0,0,tasknet,house_matteo,0.5,10,0.5,0.75,0.5,0.38,0.5,0,0.6328658790552317,88,58,16
0,0,0,tasknet,house_matteo,0.5,10,0.5,0.75,0.5,0.38,0.5,1,0.19199242650298415,155,32,11
0,0,0,filternet,house_matteo,0.5,10,0.5,0.75,0.5,0.38,0.5,0,0.6596954091742356,88,61,17
0,0,0,filternet,house_matteo,0.5,10,0.5,0.75,0.5,0.38,0.5,1,0.22449062185601823,155,39,16
0,0,1,filternet,house_matteo,0.5,10,0.5,0.75,0.5,0.38,0.5,0,0.6382535200803484,88,59,14
0,0,1,filternet,house_matteo,0.5,10,0.5,0.75,0.5,0.38,0.5,1,0.22540164191402276,155,39,14
0,1,0,filternet,house_matteo,0.5,10,0.5,0.75,0.5,0.38,0.5,0,0.5623737373737375,88,59,15
0,1,0,filternet,house_matteo,0.5,10,0.5,0.75,0.5,0.38,0.5,1,0.2442046191333833,155,41,12
0,1,1,filternet,house_matteo,0.5,10,0.5,0.75,0.5,0.38,0.5,0,0.5623737373737375,88,59,15
0,1,1,filternet,house_matteo,0.5,10,0.5,0.75,0.5,0.38,0.5,1,0.2442046191333833,155,41,12
1,0,0,filternet,house_matteo,0.5,10,0.5,0.75,0.5,0.38,0.5,0,0.6235465172965171,88,56,4
1,0,0,filternet,house_matteo,0.5,10,0.5,0.75,0.5,0.38,0.5,1,0.23556061140968687,155,43,19
1,0,1,filternet,house_matteo,0.5,10,0.5,0.75,0.5,0.38,0.5,0,0.6235465172965171,88,56,4
1,0,1,filternet,house_matteo,0.5,10,0.5,0.75,0.5,0.38,0.5,1,0.23556061140968687,155,43,19
1,1,0,filternet,house_matteo,0.5,10,0.5,0.75,0.5,0.38,0.5,0,0.6183330278592376,88,58,4
1,1,0,filternet,house_matteo,0.5,10,0.5,0.75,0.5,0.38,0.5,1,0.27469382550714266,155,47,18
1,1,1,filternet,house_matteo,0.5,10,0.5,0.75,0.5,0.38,0.5,0,0.6183330278592376,88,58,4
1,1,1,filternet,house_matteo,0.5,10,0.5,0.75,0.5,0.38,0.5,1,0.27469382550714266,155,47,18
0,0,0,tasknet,house_matteo,0.5,30,0.5,0.75,0.5,0.38,0.5,0,0.6409856558172662,88,60,25
0,0,0,tasknet,house_matteo,0.5,30,0.5,0.75,0.5,0.38,0.5,1,0.3017915392318796,155,55,27
0,0,0,filternet,house_matteo,0.5,30,0.5,0.75,0.5,0.38,0.5,0,0.6627047526455602,88,63,37
0,0,0,filternet,house_matteo,0.5,30,0.5,0.75,0.5,0.38,0.5,1,0.3899609720123334,155,75,39
0,0,1,filternet,house_matteo,0.5,30,0.5,0.75,0.5,0.38,0.5,0,0.6703305510060874,88,63,28
0,0,1,filternet,house_matteo,0.5,30,0.5,0.75,0.5,0.38,0.5,1,0.39052314393112175,155,74,35
0,1,0,filternet,house_matteo,0.5,30,0.5,0.75,0.5,0.38,0.5,0,0.5448916879639778,88,63,29
0,1,0,filternet,house_matteo,0.5,30,0.5,0.75,0.5,0.38,0.5,1,0.4686855886659633,155,84,31
0,1,1,filternet,house_matteo,0.5,30,0.5,0.75,0.5,0.38,0.5,0,0.5448916879639778,88,63,29
0,1,1,filternet,house_matteo,0.5,30,0.5,0.75,0.5,0.38,0.5,1,0.4686855886659633,155,84,31
1,0,0,filternet,house_matteo,0.5,30,0.5,0.75,0.5,0.38,0.5,0,0.6641896844012835,88,60,6
1,0,0,filternet,house_matteo,0.5,30,0.5,0.75,0.5,0.38,0.5,1,0.40689067175856203,155,79,30
1,0,1,filternet,house_matteo,0.5,30,0.5,0.75,0.5,0.38,0.5,0,0.6641896844012835,88,60,6
1,0,1,filternet,house_matteo,0.5,30,0.5,0.75,0.5,0.38,0.5,1,0.40689067175856203,155,79,30
1,1,0,filternet,house_matteo,0.5,30,0.5,0.75,0.5,0.38,0.5,0,0.6496657754010703,88,61,5
1,1,0,filternet,house_matteo,0.5,30,0.5,0.75,0.5,0.38,0.5,1,0.52444940887407,155,93,36
1,1,1,filternet,house_matteo,0.5,30,0.5,0.75,0.5,0.38,0.5,0,0.6496657754010703,88,61,5
1,1,1,filternet,house_matteo,0.5,30,0.5,0.75,0.5,0.38,0.5,1,0.52444940887407,155,93,36
0,0,0,tasknet,house_matteo,0.5,50,0.5,0.75,0.5,0.38,0.5,0,0.6405571600946529,88,60,28
0,0,0,tasknet,house_matteo,0.5,50,0.5,0.75,0.5,0.38,0.5,1,0.3146185959805047,155,58,29
0,0,0,filternet,house_matteo,0.5,50,0.5,0.75,0.5,0.38,0.5,0,0.6611501460025667,88,63,43
0,0,0,filternet,house_matteo,0.5,50,0.5,0.75,0.5,0.38,0.5,1,0.40954884731469926,155,80,48
0,0,1,filternet,house_matteo,0.5,50,0.5,0.75,0.5,0.38,0.5,0,0.6689566151314421,88,63,33
0,0,1,filternet,house_matteo,0.5,50,0.5,0.75,0.5,0.38,0.5,1,0.40769898712079805,155,78,44
0,1,0,filternet,house_matteo,0.5,50,0.5,0.75,0.5,0.38,0.5,0,0.4481597823333837,88,60,51
0,1,0,filternet,house_matteo,0.5,50,0.5,0.75,0.5,0.38,0.5,1,0.5051926275373242,155,92,54
0,1,1,filternet,house_matteo,0.5,50,0.5,0.75,0.5,0.38,0.5,0,0.4481597823333837,88,60,51
0,1,1,filternet,house_matteo,0.5,50,0.5,0.75,0.5,0.38,0.5,1,0.4984647445649004,155,91,53
1,0,0,filternet,house_matteo,0.5,50,0.5,0.75,0.5,0.38,0.5,0,0.6749627210873688,88,61,8
1,0,0,filternet,house_matteo,0.5,50,0.5,0.75,0.5,0.38,0.5,1,0.507142954250345,155,90,36
1,0,1,filternet,house_matteo,0.5,50,0.5,0.75,0.5,0.38,0.5,0,0.6749627210873688,88,61,8
1,0,1,filternet,house_matteo,0.5,50,0.5,0.75,0.5,0.38,0.5,1,0.4977606727024607,155,88,35
1,1,0,filternet,house_matteo,0.5,50,0.5,0.75,0.5,0.38,0.5,0,0.656105685940546,88,61,8
1,1,0,filternet,house_matteo,0.5,50,0.5,0.75,0.5,0.38,0.5,1,0.5955457159142957,155,108,56
1,1,1,filternet,house_matteo,0.5,50,0.5,0.75,0.5,0.38,0.5,0,0.656105685940546,88,61,8
1,1,1,filternet,house_matteo,0.5,50,0.5,0.75,0.5,0.38,0.5,1,0.5888924883398466,155,107,56
0,0,0,tasknet,house_matteo,0.5,100,0.5,0.75,0.5,0.38,0.5,0,0.6405571600946529,88,60,28
0,0,0,tasknet,house_matteo,0.5,100,0.5,0.75,0.5,0.38,0.5,1,0.3146185959805047,155,58,29
0,0,0,filternet,house_matteo,0.5,100,0.5,0.75,0.5,0.38,0.5,0,0.6690689324937891,88,64,43
0,0,0,filternet,house_matteo,0.5,100,0.5,0.75,0.5,0.38,0.5,1,0.4091556404726233,155,80,52
0,0,1,filternet,house_matteo,0.5,100,0.5,0.75,0.5,0.38,0.5,0,0.6721437043098494,88,64,35
0,0,1,filternet,house_matteo,0.5,100,0.5,0.75,0.5,0.38,0.5,1,0.4291453762408689,155,81,41
0,1,0,filternet,house_matteo,0.5,100,0.5,0.75,0.5,0.38,0.5,0,0.48861029936623673,88,64,64
0,1,0,filternet,house_matteo,0.5,100,0.5,0.75,0.5,0.38,0.5,1,0.589765019914766,155,108,72
0,1,1,filternet,house_matteo,0.5,100,0.5,0.75,0.5,0.38,0.5,0,0.48861029936623673,88,64,64
0,1,1,filternet,house_matteo,0.5,100,0.5,0.75,0.5,0.38,0.5,1,0.5864139171145182,155,107,65
1,0,0,filternet,house_matteo,0.5,100,0.5,0.75,0.5,0.38,0.5,0,0.673322432388289,88,61,9
1,0,0,filternet,house_matteo,0.5,100,0.5,0.75,0.5,0.38,0.5,1,0.5043655409089403,155,92,35
1,0,1,filternet,house_matteo,0.5,100,0.5,0.75,0.5,0.38,0.5,0,0.673322432388289,88,61,9
1,0,1,filternet,house_matteo,0.5,100,0.5,0.75,0.5,0.38,0.5,1,0.5083405847966807,155,92,33
1,1,0,filternet,house_matteo,0.5,100,0.5,0.75,0.5,0.38,0.5,0,0.6795936792873065,88,68,19
1,1,0,filternet,house_matteo,0.5,100,0.5,0.75,0.5,0.38,0.5,1,0.67436988799885,155,123,66
1,1,1,filternet,house_matteo,0.5,100,0.5,0.75,0.5,0.38,0.5,0,0.6795936792873065,88,68,19
1,1,1,filternet,house_matteo,0.5,100,0.5,0.75,0.5,0.38,0.5,1,0.6746877191755416,155,123,64
0,0,0,tasknet,house_matteo,0.75,10,0.5,0.75,0.5,0.38,0.5,0,0.6328658790552317,88,58,16
0,0,0,tasknet,house_matteo,0.75,10,0.5,0.75,0.5,0.38,0.5,1,0.19199242650298415,155,32,11
0,0,0,filternet,house_matteo,0.75,10,0.5,0.75,0.5,0.38,0.5,0,0.6596954091742356,88,61,17
0,0,0,filternet,house_matteo,0.75,10,0.5,0.75,0.5,0.38,0.5,1,0.22449062185601823,155,39,16
0,0,1,filternet,house_matteo,0.75,10,0.5,0.75,0.5,0.38,0.5,0,0.6596954091742356,88,61,17
0,0,1,filternet,house_matteo,0.75,10,0.5,0.75,0.5,0.38,0.5,1,0.22449062185601823,155,39,16
0,1,0,filternet,house_matteo,0.75,10,0.5,0.75,0.5,0.38,0.5,0,0.57192299709423,88,60,14
0,1,0,filternet,house_matteo,0.75,10,0.5,0.75,0.5,0.38,0.5,1,0.22125447355490416,155,41,17
0,1,1,filternet,house_matteo,0.75,10,0.5,0.75,0.5,0.38,0.5,0,0.57192299709423,88,60,14
0,1,1,filternet,house_matteo,0.75,10,0.5,0.75,0.5,0.38,0.5,1,0.22125447355490416,155,41,17
1,0,0,filternet,house_matteo,0.75,10,0.5,0.75,0.5,0.38,0.5,0,0.6631355147399285,88,59,3
1,0,0,filternet,house_matteo,0.75,10,0.5,0.75,0.5,0.38,0.5,1,0.24691636269018122,155,44,16
1,0,1,filternet,house_matteo,0.75,10,0.5,0.75,0.5,0.38,0.5,0,0.6631355147399285,88,59,3
1,0,1,filternet,house_matteo,0.75,10,0.5,0.75,0.5,0.38,0.5,1,0.24691636269018122,155,44,16
1,1,0,filternet,house_matteo,0.75,10,0.5,0.75,0.5,0.38,0.5,0,0.6622869318181822,88,61,3
1,1,0,filternet,house_matteo,0.75,10,0.5,0.75,0.5,0.38,0.5,1,0.257978894616801,155,47,17
1,1,1,filternet,house_matteo,0.75,10,0.5,0.75,0.5,0.38,0.5,0,0.6622869318181822,88,61,3
1,1,1,filternet,house_matteo,0.75,10,0.5,0.75,0.5,0.38,0.5,1,0.257978894616801,155,47,17
0,0,0,tasknet,house_matteo,0.75,30,0.5,0.75,0.5,0.38,0.5,0,0.6409856558172662,88,60,25
0,0,0,tasknet,house_matteo,0.75,30,0.5,0.75,0.5,0.38,0.5,1,0.3017915392318796,155,55,27
0,0,0,filternet,house_matteo,0.75,30,0.5,0.75,0.5,0.38,0.5,0,0.6627047526455602,88,63,37
0,0,0,filternet,house_matteo,0.75,30,0.5,0.75,0.5,0.38,0.5,1,0.3899609720123334,155,75,39
0,0,1,filternet,house_matteo,0.75,30,0.5,0.75,0.5,0.38,0.5,0,0.6763948965730124,88,63,24
0,0,1,filternet,house_matteo,0.75,30,0.5,0.75,0.5,0.38,0.5,1,0.38602356175288366,155,73,34
0,1,0,filternet,house_matteo,0.75,30,0.5,0.75,0.5,0.38,0.5,0,0.5338879870129875,88,61,23
0,1,0,filternet,house_matteo,0.75,30,0.5,0.75,0.5,0.38,0.5,1,0.45533514310510553,155,80,31
0,1,1,filternet,house_matteo,0.75,30,0.5,0.75,0.5,0.38,0.5,0,0.5338879870129875,88,61,23
0,1,1,filternet,house_matteo,0.75,30,0.5,0.75,0.5,0.38,0.5,1,0.45533514310510553,155,80,31
1,0,0,filternet,house_matteo,0.75,30,0.5,0.75,0.5,0.38,0.5,0,0.7076154905700364,88,63,3
1,0,0,filternet,house_matteo,0.75,30,0.5,0.75,0.5,0.38,0.5,1,0.44828043116319444,155,74,14
1,0,1,filternet,house_matteo,0.75,30,0.5,0.75,0.5,0.38,0.5,0,0.7076154905700364,88,63,3
1,0,1,filternet,house_matteo,0.75,30,0.5,0.75,0.5,0.38,0.5,1,0.44828043116319444,155,74,14
1,1,0,filternet,house_matteo,0.75,30,0.5,0.75,0.5,0.38,0.5,0,0.7189620081411116,88,65,3
1,1,0,filternet,house_matteo,0.75,30,0.5,0.75,0.5,0.38,0.5,1,0.5269111617240715,155,86,18
1,1,1,filternet,house_matteo,0.75,30,0.5,0.75,0.5,0.38,0.5,0,0.7189620081411116,88,65,3
1,1,1,filternet,house_matteo,0.75,30,0.5,0.75,0.5,0.38,0.5,1,0.5269111617240715,155,86,18
0,0,0,tasknet,house_matteo,0.75,50,0.5,0.75,0.5,0.38,0.5,0,0.6405571600946529,88,60,28
0,0,0,tasknet,house_matteo,0.75,50,0.5,0.75,0.5,0.38,0.5,1,0.3146185959805047,155,58,29
0,0,0,filternet,house_matteo,0.75,50,0.5,0.75,0.5,0.38,0.5,0,0.6611501460025667,88,63,43
0,0,0,filternet,house_matteo,0.75,50,0.5,0.75,0.5,0.38,0.5,1,0.40954884731469926,155,80,48
0,0,1,filternet,house_matteo,0.75,50,0.5,0.75,0.5,0.38,0.5,0,0.6741933980337425,88,63,30
0,0,1,filternet,house_matteo,0.75,50,0.5,0.75,0.5,0.38,0.5,1,0.40754653485089365,155,77,39
0,1,0,filternet,house_matteo,0.75,50,0.5,0.75,0.5,0.38,0.5,0,0.44565937780947973,88,58,46
0,1,0,filternet,house_matteo,0.75,50,0.5,0.75,0.5,0.38,0.5,1,0.5175123008961816,155,99,56
0,1,1,filternet,house_matteo,0.75,50,0.5,0.75,0.5,0.38,0.5,0,0.44565937780947973,88,58,42
0,1,1,filternet,house_matteo,0.75,50,0.5,0.75,0.5,0.38,0.5,1,0.5014211819817113,155,96,51
1,0,0,filternet,house_matteo,0.75,50,0.5,0.75,0.5,0.38,0.5,0,0.7118629617375515,88,64,6
1,0,0,filternet,house_matteo,0.75,50,0.5,0.75,0.5,0.38,0.5,1,0.5442306760058139,155,95,28
1,0,1,filternet,house_matteo,0.75,50,0.5,0.75,0.5,0.38,0.5,0,0.7118629617375515,88,64,6
1,0,1,filternet,house_matteo,0.75,50,0.5,0.75,0.5,0.38,0.5,1,0.5267626103867018,155,92,27
1,1,0,filternet,house_matteo,0.75,50,0.5,0.75,0.5,0.38,0.5,0,0.6666109625668444,88,63,6
1,1,0,filternet,house_matteo,0.75,50,0.5,0.75,0.5,0.38,0.5,1,0.6368984039512661,155,116,50
1,1,1,filternet,house_matteo,0.75,50,0.5,0.75,0.5,0.38,0.5,0,0.6666109625668444,88,63,6
1,1,1,filternet,house_matteo,0.75,50,0.5,0.75,0.5,0.38,0.5,1,0.6205778584129702,155,113,50
0,0,0,tasknet,house_matteo,0.75,100,0.5,0.75,0.5,0.38,0.5,0,0.6405571600946529,88,60,28
0,0,0,tasknet,house_matteo,0.75,100,0.5,0.75,0.5,0.38,0.5,1,0.3146185959805047,155,58,29
0,0,0,filternet,house_matteo,0.75,100,0.5,0.75,0.5,0.38,0.5,0,0.6690689324937891,88,64,43
0,0,0,filternet,house_matteo,0.75,100,0.5,0.75,0.5,0.38,0.5,1,0.4091556404726233,155,80,52
0,0,1,filternet,house_matteo,0.75,100,0.5,0.75,0.5,0.38,0.5,0,0.6776763549272524,88,64,32
0,0,1,filternet,house_matteo,0.75,100,0.5,0.75,0.5,0.38,0.5,1,0.41583730040006467,155,79,44
0,1,0,filternet,house_matteo,0.75,100,0.5,0.75,0.5,0.38,0.5,0,0.46053614575521684,88,67,72
0,1,0,filternet,house_matteo,0.75,100,0.5,0.75,0.5,0.38,0.5,1,0.5824214850723022,155,108,63
0,1,1,filternet,house_matteo,0.75,100,0.5,0.75,0.5,0.38,0.5,0,0.46057886619267413,88,67,71
0,1,1,filternet,house_matteo,0.75,100,0.5,0.75,0.5,0.38,0.5,1,0.5664341573168682,155,105,58
1,0,0,filternet,house_matteo,0.75,100,0.5,0.75,0.5,0.38,0.5,0,0.7681315988625309,88,69,6
1,0,0,filternet,house_matteo,0.75,100,0.5,0.75,0.5,0.38,0.5,1,0.5366123981893606,155,94,27
1,0,1,filternet,house_matteo,0.75,100,0.5,0.75,0.5,0.38,0.5,0,0.7681315988625309,88,69,6
1,0,1,filternet,house_matteo,0.75,100,0.5,0.75,0.5,0.38,0.5,1,0.5329481073075941,155,93,26
1,1,0,filternet,house_matteo,0.75,100,0.5,0.75,0.5,0.38,0.5,0,0.7696409227434539,88,77,20
1,1,0,filternet,house_matteo,0.75,100,0.5,0.75,0.5,0.38,0.5,1,0.7238829190789831,155,126,63
1,1,1,filternet,house_matteo,0.75,100,0.5,0.75,0.5,0.38,0.5,0,0.7696409227434539,88,77,20
1,1,1,filternet,house_matteo,0.75,100,0.5,0.75,0.5,0.38,0.5,1,0.7165272827650184,155,125,60
